1788586657: mosquitto version 2.1.2 starting
1788586657: Config loaded from /mosquitto/config/mosquitto.conf.
1788586657: Bridge support available.
1788586657: Persistence support available.
1788586657: TLS support available.
1788586657: TLS-PSK support available.
1788586657: Websockets support available.
1788586657: password-file: Error: Unable to open pwfile "/mosquitto/config/passwd".
1788586657: mosquitto version 2.1.2 terminating
1788586657: Saving in-memory database to /mosquitto/data//mosquitto.db.
1788586658: mosquitto version 2.1.2 starting
1788586658: Config loaded from /mosquitto/config/mosquitto.conf.
1788586658: Bridge support available.
1788586658: Persistence support available.
1788586658: TLS support available.
1788586658: TLS-PSK support available.
1788586658: Websockets support available.
1788586658: password-file: Error: Unable to open pwfile "/mosquitto/config/passwd".
1788586658: mosquitto version 2.1.2 terminating
1788586658: Saving in-memory database to /mosquitto/data//mosquitto.db.
1788586659: mosquitto version 2.1.2 starting
1788586659: Config loaded from /mosquitto/config/mosquitto.conf.
1788586659: Bridge support available.
1788586659: Persistence support available.
1788586659: TLS support available.
1788586659: TLS-PSK support available.
1788586659: Websockets support available.
1788586659: password-file: Error: Unable to open pwfile "/mosquitto/config/passwd".
1788586659: mosquitto version 2.1.2 terminating
1788586659: Saving in-memory database to /mosquitto/data//mosquitto.db.
1788586660: mosquitto version 2.1.2 starting
1788586660: Config loaded from /mosquitto/config/mosquitto.conf.
1788586660: Bridge support available.
1788586660: Persistence support available.
1788586660: TLS support available.
1788586660: TLS-PSK support available.
1788586660: Websockets support available.
1788586660: password-file: Error: Unable to open pwfile "/mosquitto/config/passwd".
1788586660: mosquitto version 2.1.2 terminating
1788586660: Saving in-memory database to /mosquitto/data//mosquitto.db.
1788586661: mosquitto version 2.1.2 starting
1788586661: Config loaded from /mosquitto/config/mosquitto.conf.
1788586661: Bridge support available.
1788586661: Persistence support available.
1788586661: TLS support available.
1788586661: TLS-PSK support available.
1788586661: Websockets support available.
1788586661: password-file: Error: Unable to open pwfile "/mosquitto/config/passwd".
1788586661: mosquitto version 2.1.2 terminating
1788586661: Saving in-memory database to /mosquitto/data//mosquitto.db.
1788586663: mosquitto version 2.1.2 starting
1788586663: Config loaded from /mosquitto/config/mosquitto.conf.
1788586663: Bridge support available.
1788586663: Persistence support available.
1788586663: TLS support available.
1788586663: TLS-PSK support available.
1788586663: Websockets support available.
1788586663: password-file: Error: Unable to open pwfile "/mosquitto/config/passwd".
1788586663: mosquitto version 2.1.2 terminating
1788586663: Saving in-memory database to /mosquitto/data//mosquitto.db.
1788586666: mosquitto version 2.1.2 starting
1788586666: Config loaded from /mosquitto/config/mosquitto.conf.
1788586666: Bridge support available.
1788586666: Persistence support available.
1788586666: TLS support available.
1788586666: TLS-PSK support available.
1788586666: Websockets support available.
1788586666: password-file: Error: Unable to open pwfile "/mosquitto/config/passwd".
1788586666: mosquitto version 2.1.2 terminating
1788586666: Saving in-memory database to /mosquitto/data//mosquitto.db.
1788586673: mosquitto version 2.1.2 starting
1788586673: Config loaded from /mosquitto/config/mosquitto.conf.
1788586673: Bridge support available.
1788586673: Persistence support available.
1788586673: TLS support available.
1788586673: TLS-PSK support available.
1788586673: Websockets support available.
1788586673: password-file: Error: Unable to open pwfile "/mosquitto/config/passwd".
1788586673: mosquitto version 2.1.2 terminating
1788586673: Saving in-memory database to /mosquitto/data//mosquitto.db.
1788586687: mosquitto version 2.1.2 starting
1788586687: Config loaded from /mosquitto/config/mosquitto.conf.
1788586687: Bridge support available.
1788586687: Persistence support available.
1788586687: TLS support available.
1788586687: TLS-PSK support available.
1788586687: Websockets support available.
1788586687: password-file: Error: Unable to open pwfile "/mosquitto/config/passwd".
1788586687: mosquitto version 2.1.2 terminating
1788586687: Saving in-memory database to /mosquitto/data//mosquitto.db.
1788586713: mosquitto version 2.1.2 starting
1788586713: Config loaded from /mosquitto/config/mosquitto.conf.
1788586713: Bridge support available.
1788586713: Persistence support available.
1788586713: TLS support available.
1788586713: TLS-PSK support available.
1788586713: Websockets support available.
1788586713: password-file: Error: Unable to open pwfile "/mosquitto/config/passwd".
1788586713: mosquitto version 2.1.2 terminating
1788586713: Saving in-memory database to /mosquitto/data//mosquitto.db.
1788586764: mosquitto version 2.1.2 starting
1788586764: Config loaded from /mosquitto/config/mosquitto.conf.
1788586764: Bridge support available.
1788586764: Persistence support available.
1788586764: TLS support available.
1788586764: TLS-PSK support available.
1788586764: Websockets support available.
1788586764: password-file: Error: Unable to open pwfile "/mosquitto/config/passwd".
1788586764: mosquitto version 2.1.2 terminating
1788586764: Saving in-memory database to /mosquitto/data//mosquitto.db.
1788586824: mosquitto version 2.1.2 starting
1788586824: Config loaded from /mosquitto/config/mosquitto.conf.
1788586824: Bridge support available.
1788586824: Persistence support available.
1788586824: TLS support available.
1788586824: TLS-PSK support available.
1788586824: Websockets support available.
1788586824: password-file: Error: Unable to open pwfile "/mosquitto/config/passwd".
1788586824: mosquitto version 2.1.2 terminating
1788586824: Saving in-memory database to /mosquitto/data//mosquitto.db.
1788586885: mosquitto version 2.1.2 starting
1788586885: Config loaded from /mosquitto/config/mosquitto.conf.
1788586885: Bridge support available.
1788586885: Persistence support available.
1788586885: TLS support available.
1788586885: TLS-PSK support available.
1788586885: Websockets support available.
1788586885: password-file: Error: Unable to open pwfile "/mosquitto/config/passwd".
1788586885: mosquitto version 2.1.2 terminating
1788586885: Saving in-memory database to /mosquitto/data//mosquitto.db.
1788586945: mosquitto version 2.1.2 starting
1788586945: Config loaded from /mosquitto/config/mosquitto.conf.
1788586945: Bridge support available.
1788586945: Persistence support available.
1788586945: TLS support available.
1788586945: TLS-PSK support available.
1788586945: Websockets support available.
1788586945: password-file: Error: Unable to open pwfile "/mosquitto/config/passwd".
1788586945: mosquitto version 2.1.2 terminating
1788586945: Saving in-memory database to /mosquitto/data//mosquitto.db.
1788587005: mosquitto version 2.1.2 starting
1788587005: Config loaded from /mosquitto/config/mosquitto.conf.
1788587005: Bridge support available.
1788587005: Persistence support available.
1788587005: TLS support available.
1788587005: TLS-PSK support available.
1788587005: Websockets support available.
1788587005: password-file: Error: Unable to open pwfile "/mosquitto/config/passwd".
1788587005: mosquitto version 2.1.2 terminating
1788587005: Saving in-memory database to /mosquitto/data//mosquitto.db.
1788587065: mosquitto version 2.1.2 starting
1788587065: Config loaded from /mosquitto/config/mosquitto.conf.
1788587065: Bridge support available.
1788587065: Persistence support available.
1788587065: TLS support available.
1788587065: TLS-PSK support available.
1788587065: Websockets support available.
1788587065: password-file: Error: Unable to open pwfile "/mosquitto/config/passwd".
1788587065: mosquitto version 2.1.2 terminating
1788587065: Saving in-memory database to /mosquitto/data//mosquitto.db.
1788587125: mosquitto version 2.1.2 starting
1788587125: Config loaded from /mosquitto/config/mosquitto.conf.
1788587125: Bridge support available.
1788587125: Persistence support available.
1788587125: TLS support available.
1788587125: TLS-PSK support available.
1788587125: Websockets support available.
1788587125: password-file: Error: Unable to open pwfile "/mosquitto/config/passwd".
1788587125: mosquitto version 2.1.2 terminating
1788587125: Saving in-memory database to /mosquitto/data//mosquitto.db.
1788587186: mosquitto version 2.1.2 starting
1788587186: Config loaded from /mosquitto/config/mosquitto.conf.
1788587186: Bridge support available.
1788587186: Persistence support available.
1788587186: TLS support available.
1788587186: TLS-PSK support available.
1788587186: Websockets support available.
1788587186: password-file: Error: Unable to open pwfile "/mosquitto/config/passwd".
1788587186: mosquitto version 2.1.2 terminating
1788587186: Saving in-memory database to /mosquitto/data//mosquitto.db.
1788587246: mosquitto version 2.1.2 starting
1788587246: Config loaded from /mosquitto/config/mosquitto.conf.
1788587246: Bridge support available.
1788587246: Persistence support available.
1788587246: TLS support available.
1788587246: TLS-PSK support available.
1788587246: Websockets support available.
1788587246: password-file: Error: Unable to open pwfile "/mosquitto/config/passwd".
1788587246: mosquitto version 2.1.2 terminating
1788587246: Saving in-memory database to /mosquitto/data//mosquitto.db.
1788587306: mosquitto version 2.1.2 starting
1788587306: Config loaded from /mosquitto/config/mosquitto.conf.
1788587306: Bridge support available.
1788587306: Persistence support available.
1788587306: TLS support available.
1788587306: TLS-PSK support available.
1788587306: Websockets support available.
1788587306: password-file: Error: Unable to open pwfile "/mosquitto/config/passwd".
1788587306: mosquitto version 2.1.2 terminating
1788587306: Saving in-memory database to /mosquitto/data//mosquitto.db.
1788587366: mosquitto version 2.1.2 starting
1788587366: Config loaded from /mosquitto/config/mosquitto.conf.
1788587366: Bridge support available.
1788587366: Persistence support available.
1788587366: TLS support available.
1788587366: TLS-PSK support available.
1788587366: Websockets support available.
1788587366: password-file: Error: Unable to open pwfile "/mosquitto/config/passwd".
1788587366: mosquitto version 2.1.2 terminating
1788587366: Saving in-memory database to /mosquitto/data//mosquitto.db.
1788587427: mosquitto version 2.1.2 starting
1788587427: Config loaded from /mosquitto/config/mosquitto.conf.
1788587427: Bridge support available.
1788587427: Persistence support available.
1788587427: TLS support available.
1788587427: TLS-PSK support available.
1788587427: Websockets support available.
1788587427: password-file: Error: Unable to open pwfile "/mosquitto/config/passwd".
1788587427: mosquitto version 2.1.2 terminating
1788587427: Saving in-memory database to /mosquitto/data//mosquitto.db.
1788587487: mosquitto version 2.1.2 starting
1788587487: Config loaded from /mosquitto/config/mosquitto.conf.
1788587487: Bridge support available.
1788587487: Persistence support available.
1788587487: TLS support available.
1788587487: TLS-PSK support available.
1788587487: Websockets support available.
1788587487: password-file: Error: Unable to open pwfile "/mosquitto/config/passwd".
1788587487: mosquitto version 2.1.2 terminating
1788587487: Saving in-memory database to /mosquitto/data//mosquitto.db.
1788587547: mosquitto version 2.1.2 starting
1788587547: Config loaded from /mosquitto/config/mosquitto.conf.
1788587547: Bridge support available.
1788587547: Persistence support available.
1788587547: TLS support available.
1788587547: TLS-PSK support available.
1788587547: Websockets support available.
1788587547: password-file: Error: Unable to open pwfile "/mosquitto/config/passwd".
1788587547: mosquitto version 2.1.2 terminating
1788587547: Saving in-memory database to /mosquitto/data//mosquitto.db.
1788587607: mosquitto version 2.1.2 starting
1788587607: Config loaded from /mosquitto/config/mosquitto.conf.
1788587607: Bridge support available.
1788587607: Persistence support available.
1788587607: TLS support available.
1788587607: TLS-PSK support available.
1788587607: Websockets support available.
1788587607: password-file: Error: Unable to open pwfile "/mosquitto/config/passwd".
1788587607: mosquitto version 2.1.2 terminating
1788587607: Saving in-memory database to /mosquitto/data//mosquitto.db.
1788587668: mosquitto version 2.1.2 starting
1788587668: Config loaded from /mosquitto/config/mosquitto.conf.
1788587668: Bridge support available.
1788587668: Persistence support available.
1788587668: TLS support available.
1788587668: TLS-PSK support available.
1788587668: Websockets support available.
1788587668: password-file: Error: Unable to open pwfile "/mosquitto/config/passwd".
1788587668: mosquitto version 2.1.2 terminating
1788587668: Saving in-memory database to /mosquitto/data//mosquitto.db.
1788587728: mosquitto version 2.1.2 starting
1788587728: Config loaded from /mosquitto/config/mosquitto.conf.
1788587728: Bridge support available.
1788587728: Persistence support available.
1788587728: TLS support available.
1788587728: TLS-PSK support available.
1788587728: Websockets support available.
1788587728: password-file: Error: Unable to open pwfile "/mosquitto/config/passwd".
1788587728: mosquitto version 2.1.2 terminating
1788587728: Saving in-memory database to /mosquitto/data//mosquitto.db.
1788587788: mosquitto version 2.1.2 starting
1788587788: Config loaded from /mosquitto/config/mosquitto.conf.
1788587788: Bridge support available.
1788587788: Persistence support available.
1788587788: TLS support available.
1788587788: TLS-PSK support available.
1788587788: Websockets support available.
1788587788: password-file: Error: Unable to open pwfile "/mosquitto/config/passwd".
1788587788: mosquitto version 2.1.2 terminating
1788587788: Saving in-memory database to /mosquitto/data//mosquitto.db.
1788587848: mosquitto version 2.1.2 starting
1788587848: Config loaded from /mosquitto/config/mosquitto.conf.
1788587848: Bridge support available.
1788587848: Persistence support available.
1788587848: TLS support available.
1788587848: TLS-PSK support available.
1788587848: Websockets support available.
1788587848: password-file: Error: Unable to open pwfile "/mosquitto/config/passwd".
1788587848: mosquitto version 2.1.2 terminating
1788587848: Saving in-memory database to /mosquitto/data//mosquitto.db.
1788587909: mosquitto version 2.1.2 starting
1788587909: Config loaded from /mosquitto/config/mosquitto.conf.
1788587909: Bridge support available.
1788587909: Persistence support available.
1788587909: TLS support available.
1788587909: TLS-PSK support available.
1788587909: Websockets support available.
1788587909: password-file: Error: Unable to open pwfile "/mosquitto/config/passwd".
1788587909: mosquitto version 2.1.2 terminating
1788587909: Saving in-memory database to /mosquitto/data//mosquitto.db.
1788587969: mosquitto version 2.1.2 starting
1788587969: Config loaded from /mosquitto/config/mosquitto.conf.
1788587969: Bridge support available.
1788587969: Persistence support available.
1788587969: TLS support available.
1788587969: TLS-PSK support available.
1788587969: Websockets support available.
1788587969: password-file: Error: Unable to open pwfile "/mosquitto/config/passwd".
1788587969: mosquitto version 2.1.2 terminating
1788587969: Saving in-memory database to /mosquitto/data//mosquitto.db.
1788588029: mosquitto version 2.1.2 starting
1788588029: Config loaded from /mosquitto/config/mosquitto.conf.
1788588029: Bridge support available.
1788588029: Persistence support available.
1788588029: TLS support available.
1788588029: TLS-PSK support available.
1788588029: Websockets support available.
1788588029: password-file: Error: Unable to open pwfile "/mosquitto/config/passwd".
1788588029: mosquitto version 2.1.2 terminating
1788588029: Saving in-memory database to /mosquitto/data//mosquitto.db.
1788588089: mosquitto version 2.1.2 starting
1788588089: Config loaded from /mosquitto/config/mosquitto.conf.
1788588089: Bridge support available.
1788588089: Persistence support available.
1788588089: TLS support available.
1788588089: TLS-PSK support available.
1788588089: Websockets support available.
1788588089: password-file: Error: Unable to open pwfile "/mosquitto/config/passwd".
1788588089: mosquitto version 2.1.2 terminating
1788588089: Saving in-memory database to /mosquitto/data//mosquitto.db.
1788588150: mosquitto version 2.1.2 starting
1788588150: Config loaded from /mosquitto/config/mosquitto.conf.
1788588150: Bridge support available.
1788588150: Persistence support available.
1788588150: TLS support available.
1788588150: TLS-PSK support available.
1788588150: Websockets support available.
1788588150: password-file: Error: Unable to open pwfile "/mosquitto/config/passwd".
1788588150: mosquitto version 2.1.2 terminating
1788588150: Saving in-memory database to /mosquitto/data//mosquitto.db.
1788588210: mosquitto version 2.1.2 starting
1788588210: Config loaded from /mosquitto/config/mosquitto.conf.
1788588210: Bridge support available.
1788588210: Persistence support available.
1788588210: TLS support available.
1788588210: TLS-PSK support available.
1788588210: Websockets support available.
1788588210: password-file: Error: Unable to open pwfile "/mosquitto/config/passwd".
1788588210: mosquitto version 2.1.2 terminating
1788588210: Saving in-memory database to /mosquitto/data//mosquitto.db.
1788588270: mosquitto version 2.1.2 starting
1788588270: Config loaded from /mosquitto/config/mosquitto.conf.
1788588270: Bridge support available.
1788588270: Persistence support available.
1788588270: TLS support available.
1788588270: TLS-PSK support available.
1788588270: Websockets support available.
1788588270: password-file: Error: Unable to open pwfile "/mosquitto/config/passwd".
1788588270: mosquitto version 2.1.2 terminating
1788588270: Saving in-memory database to /mosquitto/data//mosquitto.db.
1788588330: mosquitto version 2.1.2 starting
1788588330: Config loaded from /mosquitto/config/mosquitto.conf.
1788588330: Bridge support available.
1788588330: Persistence support available.
1788588330: TLS support available.
1788588330: TLS-PSK support available.
1788588330: Websockets support available.
1788588330: password-file: Error: Unable to open pwfile "/mosquitto/config/passwd".
1788588330: mosquitto version 2.1.2 terminating
1788588330: Saving in-memory database to /mosquitto/data//mosquitto.db.
1788588391: mosquitto version 2.1.2 starting
1788588391: Config loaded from /mosquitto/config/mosquitto.conf.
1788588391: Bridge support available.
1788588391: Persistence support available.
1788588391: TLS support available.
1788588391: TLS-PSK support available.
1788588391: Websockets support available.
1788588391: password-file: Error: Unable to open pwfile "/mosquitto/config/passwd".
1788588391: mosquitto version 2.1.2 terminating
1788588391: Saving in-memory database to /mosquitto/data//mosquitto.db.
1788588451: mosquitto version 2.1.2 starting
1788588451: Config loaded from /mosquitto/config/mosquitto.conf.
1788588451: Bridge support available.
1788588451: Persistence support available.
1788588451: TLS support available.
1788588451: TLS-PSK support available.
1788588451: Websockets support available.
1788588451: password-file: Error: Unable to open pwfile "/mosquitto/config/passwd".
1788588451: mosquitto version 2.1.2 terminating
1788588451: Saving in-memory database to /mosquitto/data//mosquitto.db.
1788588511: mosquitto version 2.1.2 starting
1788588511: Config loaded from /mosquitto/config/mosquitto.conf.
1788588511: Bridge support available.
1788588511: Persistence support available.
1788588511: TLS support available.
1788588511: TLS-PSK support available.
1788588511: Websockets support available.
1788588511: password-file: Error: Unable to open pwfile "/mosquitto/config/passwd".
1788588511: mosquitto version 2.1.2 terminating
1788588511: Saving in-memory database to /mosquitto/data//mosquitto.db.
1788588571: mosquitto version 2.1.2 starting
1788588571: Config loaded from /mosquitto/config/mosquitto.conf.
1788588571: Bridge support available.
1788588571: Persistence support available.
1788588571: TLS support available.
1788588571: TLS-PSK support available.
1788588571: Websockets support available.
1788588571: password-file: Error: Unable to open pwfile "/mosquitto/config/passwd".
1788588571: mosquitto version 2.1.2 terminating
1788588571: Saving in-memory database to /mosquitto/data//mosquitto.db.
1788588631: mosquitto version 2.1.2 starting
1788588631: Config loaded from /mosquitto/config/mosquitto.conf.
1788588631: Bridge support available.
1788588631: Persistence support available.
1788588631: TLS support available.
1788588631: TLS-PSK support available.
1788588631: Websockets support available.
1788588631: password-file: Error: Unable to open pwfile "/mosquitto/config/passwd".
1788588631: mosquitto version 2.1.2 terminating
1788588631: Saving in-memory database to /mosquitto/data//mosquitto.db.
1788588692: mosquitto version 2.1.2 starting
1788588692: Config loaded from /mosquitto/config/mosquitto.conf.
1788588692: Bridge support available.
1788588692: Persistence support available.
1788588692: TLS support available.
1788588692: TLS-PSK support available.
1788588692: Websockets support available.
1788588692: password-file: Error: Unable to open pwfile "/mosquitto/config/passwd".
1788588692: mosquitto version 2.1.2 terminating
1788588692: Saving in-memory database to /mosquitto/data//mosquitto.db.
1788588752: mosquitto version 2.1.2 starting
1788588752: Config loaded from /mosquitto/config/mosquitto.conf.
1788588752: Bridge support available.
1788588752: Persistence support available.
1788588752: TLS support available.
1788588752: TLS-PSK support available.
1788588752: Websockets support available.
1788588752: password-file: Error: Unable to open pwfile "/mosquitto/config/passwd".
1788588752: mosquitto version 2.1.2 terminating
1788588752: Saving in-memory database to /mosquitto/data//mosquitto.db.
1788588812: mosquitto version 2.1.2 starting
1788588812: Config loaded from /mosquitto/config/mosquitto.conf.
1788588812: Bridge support available.
1788588812: Persistence support available.
1788588812: TLS support available.
1788588812: TLS-PSK support available.
1788588812: Websockets support available.
1788588812: password-file: Error: Unable to open pwfile "/mosquitto/config/passwd".
1788588812: mosquitto version 2.1.2 terminating
1788588812: Saving in-memory database to /mosquitto/data//mosquitto.db.
1788588873: mosquitto version 2.1.2 starting
1788588873: Config loaded from /mosquitto/config/mosquitto.conf.
1788588873: Bridge support available.
1788588873: Persistence support available.
1788588873: TLS support available.
1788588873: TLS-PSK support available.
1788588873: Websockets support available.
1788588873: password-file: Error: Unable to open pwfile "/mosquitto/config/passwd".
1788588873: mosquitto version 2.1.2 terminating
1788588873: Saving in-memory database to /mosquitto/data//mosquitto.db.
1788588933: mosquitto version 2.1.2 starting
1788588933: Config loaded from /mosquitto/config/mosquitto.conf.
1788588933: Bridge support available.
1788588933: Persistence support available.
1788588933: TLS support available.
1788588933: TLS-PSK support available.
1788588933: Websockets support available.
1788588933: password-file: Error: Unable to open pwfile "/mosquitto/config/passwd".
1788588933: mosquitto version 2.1.2 terminating
1788588933: Saving in-memory database to /mosquitto/data//mosquitto.db.
1788588993: mosquitto version 2.1.2 starting
1788588993: Config loaded from /mosquitto/config/mosquitto.conf.
1788588993: Bridge support available.
1788588993: Persistence support available.
1788588993: TLS support available.
1788588993: TLS-PSK support available.
1788588993: Websockets support available.
1788588993: password-file: Error: Unable to open pwfile "/mosquitto/config/passwd".
1788588993: mosquitto version 2.1.2 terminating
1788588993: Saving in-memory database to /mosquitto/data//mosquitto.db.
1788589053: mosquitto version 2.1.2 starting
1788589053: Config loaded from /mosquitto/config/mosquitto.conf.
1788589053: Bridge support available.
1788589053: Persistence support available.
1788589053: TLS support available.
1788589053: TLS-PSK support available.
1788589053: Websockets support available.
1788589053: password-file: Error: Unable to open pwfile "/mosquitto/config/passwd".
1788589053: mosquitto version 2.1.2 terminating
1788589053: Saving in-memory database to /mosquitto/data//mosquitto.db.
1788589113: mosquitto version 2.1.2 starting
1788589113: Config loaded from /mosquitto/config/mosquitto.conf.
1788589113: Bridge support available.
1788589113: Persistence support available.
1788589113: TLS support available.
1788589113: TLS-PSK support available.
1788589113: Websockets support available.
1788589113: password-file: Error: Unable to open pwfile "/mosquitto/config/passwd".
1788589113: mosquitto version 2.1.2 terminating
1788589113: Saving in-memory database to /mosquitto/data//mosquitto.db.
1788589174: mosquitto version 2.1.2 starting
1788589174: Config loaded from /mosquitto/config/mosquitto.conf.
1788589174: Bridge support available.
1788589174: Persistence support available.
1788589174: TLS support available.
1788589174: TLS-PSK support available.
1788589174: Websockets support available.
1788589174: password-file: Error: Unable to open pwfile "/mosquitto/config/passwd".
1788589174: mosquitto version 2.1.2 terminating
1788589174: Saving in-memory database to /mosquitto/data//mosquitto.db.
1788589234: mosquitto version 2.1.2 starting
1788589234: Config loaded from /mosquitto/config/mosquitto.conf.
1788589234: Bridge support available.
1788589234: Persistence support available.
1788589234: TLS support available.
1788589234: TLS-PSK support available.
1788589234: Websockets support available.
1788589234: password-file: Error: Unable to open pwfile "/mosquitto/config/passwd".
1788589234: mosquitto version 2.1.2 terminating
1788589234: Saving in-memory database to /mosquitto/data//mosquitto.db.
1788589294: mosquitto version 2.1.2 starting
1788589294: Config loaded from /mosquitto/config/mosquitto.conf.
1788589294: Bridge support available.
1788589294: Persistence support available.
1788589294: TLS support available.
1788589294: TLS-PSK support available.
1788589294: Websockets support available.
1788589294: password-file: Error: Unable to open pwfile "/mosquitto/config/passwd".
1788589294: mosquitto version 2.1.2 terminating
1788589294: Saving in-memory database to /mosquitto/data//mosquitto.db.
1788589354: mosquitto version 2.1.2 starting
1788589354: Config loaded from /mosquitto/config/mosquitto.conf.
1788589354: Bridge support available.
1788589354: Persistence support available.
1788589354: TLS support available.
1788589354: TLS-PSK support available.
1788589354: Websockets support available.
1788589354: password-file: Error: Unable to open pwfile "/mosquitto/config/passwd".
1788589354: mosquitto version 2.1.2 terminating
1788589354: Saving in-memory database to /mosquitto/data//mosquitto.db.
1788589415: mosquitto version 2.1.2 starting
1788589415: Config loaded from /mosquitto/config/mosquitto.conf.
1788589415: Bridge support available.
1788589415: Persistence support available.
1788589415: TLS support available.
1788589415: TLS-PSK support available.
1788589415: Websockets support available.
1788589415: password-file: Error: Unable to open pwfile "/mosquitto/config/passwd".
1788589415: mosquitto version 2.1.2 terminating
1788589415: Saving in-memory database to /mosquitto/data//mosquitto.db.
1788589476: mosquitto version 2.1.2 starting
1788589476: Config loaded from /mosquitto/config/mosquitto.conf.
1788589476: Bridge support available.
1788589476: Persistence support available.
1788589476: TLS support available.
1788589476: TLS-PSK support available.
1788589476: Websockets support available.
1788589476: password-file: Error: Unable to open pwfile "/mosquitto/config/passwd".
1788589476: mosquitto version 2.1.2 terminating
1788589476: Saving in-memory database to /mosquitto/data//mosquitto.db.
1788589536: mosquitto version 2.1.2 starting
1788589536: Config loaded from /mosquitto/config/mosquitto.conf.
1788589536: Bridge support available.
1788589536: Persistence support available.
1788589536: TLS support available.
1788589536: TLS-PSK support available.
1788589536: Websockets support available.
1788589536: password-file: Error: Unable to open pwfile "/mosquitto/config/passwd".
1788589536: mosquitto version 2.1.2 terminating
1788589536: Saving in-memory database to /mosquitto/data//mosquitto.db.
1788589597: mosquitto version 2.1.2 starting
1788589597: Config loaded from /mosquitto/config/mosquitto.conf.
1788589597: Bridge support available.
1788589597: Persistence support available.
1788589597: TLS support available.
1788589597: TLS-PSK support available.
1788589597: Websockets support available.
1788589597: password-file: Error: Unable to open pwfile "/mosquitto/config/passwd".
1788589597: mosquitto version 2.1.2 terminating
1788589597: Saving in-memory database to /mosquitto/data//mosquitto.db.
1788589657: mosquitto version 2.1.2 starting
1788589657: Config loaded from /mosquitto/config/mosquitto.conf.
1788589657: Bridge support available.
1788589657: Persistence support available.
1788589657: TLS support available.
1788589657: TLS-PSK support available.
1788589657: Websockets support available.
1788589657: password-file: Error: Unable to open pwfile "/mosquitto/config/passwd".
1788589657: mosquitto version 2.1.2 terminating
1788589657: Saving in-memory database to /mosquitto/data//mosquitto.db.
1788589717: mosquitto version 2.1.2 starting
1788589717: Config loaded from /mosquitto/config/mosquitto.conf.
1788589717: Bridge support available.
1788589717: Persistence support available.
1788589717: TLS support available.
1788589717: TLS-PSK support available.
1788589717: Websockets support available.
1788589717: password-file: Error: Unable to open pwfile "/mosquitto/config/passwd".
1788589717: mosquitto version 2.1.2 terminating
1788589717: Saving in-memory database to /mosquitto/data//mosquitto.db.
1788589777: mosquitto version 2.1.2 starting
1788589777: Config loaded from /mosquitto/config/mosquitto.conf.
1788589777: Bridge support available.
1788589777: Persistence support available.
1788589777: TLS support available.
1788589777: TLS-PSK support available.
1788589777: Websockets support available.
1788589777: password-file: Error: Unable to open pwfile "/mosquitto/config/passwd".
1788589777: mosquitto version 2.1.2 terminating
1788589777: Saving in-memory database to /mosquitto/data//mosquitto.db.
1788589838: mosquitto version 2.1.2 starting
1788589838: Config loaded from /mosquitto/config/mosquitto.conf.
1788589838: Bridge support available.
1788589838: Persistence support available.
1788589838: TLS support available.
1788589838: TLS-PSK support available.
1788589838: Websockets support available.
1788589838: password-file: Error: Unable to open pwfile "/mosquitto/config/passwd".
1788589838: mosquitto version 2.1.2 terminating
1788589838: Saving in-memory database to /mosquitto/data//mosquitto.db.
1788589898: mosquitto version 2.1.2 starting
1788589898: Config loaded from /mosquitto/config/mosquitto.conf.
1788589898: Bridge support available.
1788589898: Persistence support available.
1788589898: TLS support available.
1788589898: TLS-PSK support available.
1788589898: Websockets support available.
1788589898: password-file: Error: Unable to open pwfile "/mosquitto/config/passwd".
1788589898: mosquitto version 2.1.2 terminating
1788589898: Saving in-memory database to /mosquitto/data//mosquitto.db.
1788589958: mosquitto version 2.1.2 starting
1788589958: Config loaded from /mosquitto/config/mosquitto.conf.
1788589958: Bridge support available.
1788589958: Persistence support available.
1788589958: TLS support available.
1788589958: TLS-PSK support available.
1788589958: Websockets support available.
1788589958: password-file: Error: Unable to open pwfile "/mosquitto/config/passwd".
1788589958: mosquitto version 2.1.2 terminating
1788589958: Saving in-memory database to /mosquitto/data//mosquitto.db.
1788590018: mosquitto version 2.1.2 starting
1788590018: Config loaded from /mosquitto/config/mosquitto.conf.
1788590018: Bridge support available.
1788590018: Persistence support available.
1788590018: TLS support available.
1788590018: TLS-PSK support available.
1788590018: Websockets support available.
1788590018: password-file: Error: Unable to open pwfile "/mosquitto/config/passwd".
1788590018: mosquitto version 2.1.2 terminating
1788590018: Saving in-memory database to /mosquitto/data//mosquitto.db.
1788590079: mosquitto version 2.1.2 starting
1788590079: Config loaded from /mosquitto/config/mosquitto.conf.
1788590079: Bridge support available.
1788590079: Persistence support available.
1788590079: TLS support available.
1788590079: TLS-PSK support available.
1788590079: Websockets support available.
1788590079: password-file: Error: Unable to open pwfile "/mosquitto/config/passwd".
1788590079: mosquitto version 2.1.2 terminating
1788590079: Saving in-memory database to /mosquitto/data//mosquitto.db.
1788590139: mosquitto version 2.1.2 starting
1788590139: Config loaded from /mosquitto/config/mosquitto.conf.
1788590139: Bridge support available.
1788590139: Persistence support available.
1788590139: TLS support available.
1788590139: TLS-PSK support available.
1788590139: Websockets support available.
1788590139: password-file: Error: Unable to open pwfile "/mosquitto/config/passwd".
1788590139: mosquitto version 2.1.2 terminating
1788590139: Saving in-memory database to /mosquitto/data//mosquitto.db.
1788590199: mosquitto version 2.1.2 starting
1788590199: Config loaded from /mosquitto/config/mosquitto.conf.
1788590199: Bridge support available.
1788590199: Persistence support available.
1788590199: TLS support available.
1788590199: TLS-PSK support available.
1788590199: Websockets support available.
1788590199: password-file: Error: Unable to open pwfile "/mosquitto/config/passwd".
1788590199: mosquitto version 2.1.2 terminating
1788590199: Saving in-memory database to /mosquitto/data//mosquitto.db.
1788590259: mosquitto version 2.1.2 starting
1788590259: Config loaded from /mosquitto/config/mosquitto.conf.
1788590259: Bridge support available.
1788590259: Persistence support available.
1788590259: TLS support available.
1788590259: TLS-PSK support available.
1788590259: Websockets support available.
1788590259: password-file: Error: Unable to open pwfile "/mosquitto/config/passwd".
1788590259: mosquitto version 2.1.2 terminating
1788590259: Saving in-memory database to /mosquitto/data//mosquitto.db.
1788590320: mosquitto version 2.1.2 starting
1788590320: Config loaded from /mosquitto/config/mosquitto.conf.
1788590320: Bridge support available.
1788590320: Persistence support available.
1788590320: TLS support available.
1788590320: TLS-PSK support available.
1788590320: Websockets support available.
1788590320: password-file: Error: Unable to open pwfile "/mosquitto/config/passwd".
1788590320: mosquitto version 2.1.2 terminating
1788590320: Saving in-memory database to /mosquitto/data//mosquitto.db.
1788590380: mosquitto version 2.1.2 starting
1788590380: Config loaded from /mosquitto/config/mosquitto.conf.
1788590380: Bridge support available.
1788590380: Persistence support available.
1788590380: TLS support available.
1788590380: TLS-PSK support available.
1788590380: Websockets support available.
1788590380: password-file: Error: Unable to open pwfile "/mosquitto/config/passwd".
1788590380: mosquitto version 2.1.2 terminating
1788590380: Saving in-memory database to /mosquitto/data//mosquitto.db.
1788590440: mosquitto version 2.1.2 starting
1788590440: Config loaded from /mosquitto/config/mosquitto.conf.
1788590440: Bridge support available.
1788590440: Persistence support available.
1788590440: TLS support available.
1788590440: TLS-PSK support available.
1788590440: Websockets support available.
1788590440: password-file: Error: Unable to open pwfile "/mosquitto/config/passwd".
1788590440: mosquitto version 2.1.2 terminating
1788590440: Saving in-memory database to /mosquitto/data//mosquitto.db.
1788590500: mosquitto version 2.1.2 starting
1788590500: Config loaded from /mosquitto/config/mosquitto.conf.
1788590500: Bridge support available.
1788590500: Persistence support available.
1788590500: TLS support available.
1788590500: TLS-PSK support available.
1788590500: Websockets support available.
1788590500: password-file: Error: Unable to open pwfile "/mosquitto/config/passwd".
1788590500: mosquitto version 2.1.2 terminating
1788590500: Saving in-memory database to /mosquitto/data//mosquitto.db.
1788590561: mosquitto version 2.1.2 starting
1788590561: Config loaded from /mosquitto/config/mosquitto.conf.
1788590561: Bridge support available.
1788590561: Persistence support available.
1788590561: TLS support available.
1788590561: TLS-PSK support available.
1788590561: Websockets support available.
1788590561: password-file: Error: Unable to open pwfile "/mosquitto/config/passwd".
1788590561: mosquitto version 2.1.2 terminating
1788590561: Saving in-memory database to /mosquitto/data//mosquitto.db.
1788590621: mosquitto version 2.1.2 starting
1788590621: Config loaded from /mosquitto/config/mosquitto.conf.
1788590621: Bridge support available.
1788590621: Persistence support available.
1788590621: TLS support available.
1788590621: TLS-PSK support available.
1788590621: Websockets support available.
1788590621: password-file: Error: Unable to open pwfile "/mosquitto/config/passwd".
1788590621: mosquitto version 2.1.2 terminating
1788590621: Saving in-memory database to /mosquitto/data//mosquitto.db.
1788590681: mosquitto version 2.1.2 starting
1788590681: Config loaded from /mosquitto/config/mosquitto.conf.
1788590681: Bridge support available.
1788590681: Persistence support available.
1788590681: TLS support available.
1788590681: TLS-PSK support available.
1788590681: Websockets support available.
1788590681: password-file: Error: Unable to open pwfile "/mosquitto/config/passwd".
1788590681: mosquitto version 2.1.2 terminating
1788590681: Saving in-memory database to /mosquitto/data//mosquitto.db.
1788590742: mosquitto version 2.1.2 starting
1788590742: Config loaded from /mosquitto/config/mosquitto.conf.
1788590742: Bridge support available.
1788590742: Persistence support available.
1788590742: TLS support available.
1788590742: TLS-PSK support available.
1788590742: Websockets support available.
1788590742: password-file: Error: Unable to open pwfile "/mosquitto/config/passwd".
1788590742: mosquitto version 2.1.2 terminating
1788590742: Saving in-memory database to /mosquitto/data//mosquitto.db.
1788590802: mosquitto version 2.1.2 starting
1788590802: Config loaded from /mosquitto/config/mosquitto.conf.
1788590802: Bridge support available.
1788590802: Persistence support available.
1788590802: TLS support available.
1788590802: TLS-PSK support available.
1788590802: Websockets support available.
1788590802: password-file: Error: Unable to open pwfile "/mosquitto/config/passwd".
1788590802: mosquitto version 2.1.2 terminating
1788590802: Saving in-memory database to /mosquitto/data//mosquitto.db.
1788590862: mosquitto version 2.1.2 starting
1788590862: Config loaded from /mosquitto/config/mosquitto.conf.
1788590862: Bridge support available.
1788590862: Persistence support available.
1788590862: TLS support available.
1788590862: TLS-PSK support available.
1788590862: Websockets support available.
1788590862: password-file: Error: Unable to open pwfile "/mosquitto/config/passwd".
1788590862: mosquitto version 2.1.2 terminating
1788590862: Saving in-memory database to /mosquitto/data//mosquitto.db.
1788590922: mosquitto version 2.1.2 starting
1788590922: Config loaded from /mosquitto/config/mosquitto.conf.
1788590922: Bridge support available.
1788590922: Persistence support available.
1788590922: TLS support available.
1788590922: TLS-PSK support available.
1788590922: Websockets support available.
1788590922: password-file: Error: Unable to open pwfile "/mosquitto/config/passwd".
1788590922: mosquitto version 2.1.2 terminating
1788590922: Saving in-memory database to /mosquitto/data//mosquitto.db.
1788590983: mosquitto version 2.1.2 starting
1788590983: Config loaded from /mosquitto/config/mosquitto.conf.
1788590983: Bridge support available.
1788590983: Persistence support available.
1788590983: TLS support available.
1788590983: TLS-PSK support available.
1788590983: Websockets support available.
1788590983: password-file: Error: Unable to open pwfile "/mosquitto/config/passwd".
1788590983: mosquitto version 2.1.2 terminating
1788590983: Saving in-memory database to /mosquitto/data//mosquitto.db.
1788591043: mosquitto version 2.1.2 starting
1788591043: Config loaded from /mosquitto/config/mosquitto.conf.
1788591043: Bridge support available.
1788591043: Persistence support available.
1788591043: TLS support available.
1788591043: TLS-PSK support available.
1788591043: Websockets support available.
1788591043: password-file: Error: Unable to open pwfile "/mosquitto/config/passwd".
1788591043: mosquitto version 2.1.2 terminating
1788591043: Saving in-memory database to /mosquitto/data//mosquitto.db.
1788591103: mosquitto version 2.1.2 starting
1788591103: Config loaded from /mosquitto/config/mosquitto.conf.
1788591103: Bridge support available.
1788591103: Persistence support available.
1788591103: TLS support available.
1788591103: TLS-PSK support available.
1788591103: Websockets support available.
1788591103: password-file: Error: Unable to open pwfile "/mosquitto/config/passwd".
1788591103: mosquitto version 2.1.2 terminating
1788591103: Saving in-memory database to /mosquitto/data//mosquitto.db.
1788591163: mosquitto version 2.1.2 starting
1788591163: Config loaded from /mosquitto/config/mosquitto.conf.
1788591163: Bridge support available.
1788591163: Persistence support available.
1788591163: TLS support available.
1788591163: TLS-PSK support available.
1788591163: Websockets support available.
1788591163: password-file: Error: Unable to open pwfile "/mosquitto/config/passwd".
1788591163: mosquitto version 2.1.2 terminating
1788591163: Saving in-memory database to /mosquitto/data//mosquitto.db.
1788591224: mosquitto version 2.1.2 starting
1788591224: Config loaded from /mosquitto/config/mosquitto.conf.
1788591224: Bridge support available.
1788591224: Persistence support available.
1788591224: TLS support available.
1788591224: TLS-PSK support available.
1788591224: Websockets support available.
1788591224: password-file: Error: Unable to open pwfile "/mosquitto/config/passwd".
1788591224: mosquitto version 2.1.2 terminating
1788591224: Saving in-memory database to /mosquitto/data//mosquitto.db.
1788591284: mosquitto version 2.1.2 starting
1788591284: Config loaded from /mosquitto/config/mosquitto.conf.
1788591284: Bridge support available.
1788591284: Persistence support available.
1788591284: TLS support available.
1788591284: TLS-PSK support available.
1788591284: Websockets support available.
1788591284: password-file: Error: Unable to open pwfile "/mosquitto/config/passwd".
1788591284: mosquitto version 2.1.2 terminating
1788591284: Saving in-memory database to /mosquitto/data//mosquitto.db.
1788600707: mosquitto version 2.1.2 starting
1788600707: Config loaded from /mosquitto/config/mosquitto.conf.
1788600707: Bridge support available.
1788600707: Persistence support available.
1788600707: TLS support available.
1788600707: TLS-PSK support available.
1788600707: Websockets support available.
1788600707: password-file: Error: Unable to open pwfile "/mosquitto/config/passwd".
1788600707: mosquitto version 2.1.2 terminating
1788600707: Saving in-memory database to /mosquitto/data//mosquitto.db.
1788600709: mosquitto version 2.1.2 starting
1788600709: Config loaded from /mosquitto/config/mosquitto.conf.
1788600709: Bridge support available.
1788600709: Persistence support available.
1788600709: TLS support available.
1788600709: TLS-PSK support available.
1788600709: Websockets support available.
1788600709: password-file: Error: Unable to open pwfile "/mosquitto/config/passwd".
1788600709: mosquitto version 2.1.2 terminating
1788600709: Saving in-memory database to /mosquitto/data//mosquitto.db.
1788600710: mosquitto version 2.1.2 starting
1788600710: Config loaded from /mosquitto/config/mosquitto.conf.
1788600710: Bridge support available.
1788600710: Persistence support available.
1788600710: TLS support available.
1788600710: TLS-PSK support available.
1788600710: Websockets support available.
1788600710: password-file: Error: Unable to open pwfile "/mosquitto/config/passwd".
1788600710: mosquitto version 2.1.2 terminating
1788600710: Saving in-memory database to /mosquitto/data//mosquitto.db.
1788600711: mosquitto version 2.1.2 starting
1788600711: Config loaded from /mosquitto/config/mosquitto.conf.
1788600711: Bridge support available.
1788600711: Persistence support available.
1788600711: TLS support available.
1788600711: TLS-PSK support available.
1788600711: Websockets support available.
1788600711: password-file: Error: Unable to open pwfile "/mosquitto/config/passwd".
1788600711: mosquitto version 2.1.2 terminating
1788600711: Saving in-memory database to /mosquitto/data//mosquitto.db.
1788600712: mosquitto version 2.1.2 starting
1788600712: Config loaded from /mosquitto/config/mosquitto.conf.
1788600712: Bridge support available.
1788600712: Persistence support available.
1788600712: TLS support available.
1788600712: TLS-PSK support available.
1788600712: Websockets support available.
1788600712: password-file: Error: Unable to open pwfile "/mosquitto/config/passwd".
1788600712: mosquitto version 2.1.2 terminating
1788600712: Saving in-memory database to /mosquitto/data//mosquitto.db.
1788600714: mosquitto version 2.1.2 starting
1788600714: Config loaded from /mosquitto/config/mosquitto.conf.
1788600714: Bridge support available.
1788600714: Persistence support available.
1788600714: TLS support available.
1788600714: TLS-PSK support available.
1788600714: Websockets support available.
1788600714: password-file: Error: Unable to open pwfile "/mosquitto/config/passwd".
1788600714: mosquitto version 2.1.2 terminating
1788600714: Saving in-memory database to /mosquitto/data//mosquitto.db.
1788600717: mosquitto version 2.1.2 starting
1788600717: Config loaded from /mosquitto/config/mosquitto.conf.
1788600717: Bridge support available.
1788600717: Persistence support available.
1788600717: TLS support available.
1788600717: TLS-PSK support available.
1788600717: Websockets support available.
1788600717: password-file: Error: Unable to open pwfile "/mosquitto/config/passwd".
1788600717: mosquitto version 2.1.2 terminating
1788600717: Saving in-memory database to /mosquitto/data//mosquitto.db.
1788600724: mosquitto version 2.1.2 starting
1788600724: Config loaded from /mosquitto/config/mosquitto.conf.
1788600724: Bridge support available.
1788600724: Persistence support available.
1788600724: TLS support available.
1788600724: TLS-PSK support available.
1788600724: Websockets support available.
1788600724: password-file: Error: Unable to open pwfile "/mosquitto/config/passwd".
1788600724: mosquitto version 2.1.2 terminating
1788600724: Saving in-memory database to /mosquitto/data//mosquitto.db.
1788600737: mosquitto version 2.1.2 starting
1788600737: Config loaded from /mosquitto/config/mosquitto.conf.
1788600737: Bridge support available.
1788600737: Persistence support available.
1788600737: TLS support available.
1788600737: TLS-PSK support available.
1788600737: Websockets support available.
1788600737: password-file: Error: Unable to open pwfile "/mosquitto/config/passwd".
1788600737: mosquitto version 2.1.2 terminating
1788600737: Saving in-memory database to /mosquitto/data//mosquitto.db.
1788600763: mosquitto version 2.1.2 starting
1788600763: Config loaded from /mosquitto/config/mosquitto.conf.
1788600763: Bridge support available.
1788600763: Persistence support available.
1788600763: TLS support available.
1788600763: TLS-PSK support available.
1788600763: Websockets support available.
1788600763: password-file: Error: Unable to open pwfile "/mosquitto/config/passwd".
1788600763: mosquitto version 2.1.2 terminating
1788600763: Saving in-memory database to /mosquitto/data//mosquitto.db.
1788600815: mosquitto version 2.1.2 starting
1788600815: Config loaded from /mosquitto/config/mosquitto.conf.
1788600815: Bridge support available.
1788600815: Persistence support available.
1788600815: TLS support available.
1788600815: TLS-PSK support available.
1788600815: Websockets support available.
1788600815: password-file: Error: Unable to open pwfile "/mosquitto/config/passwd".
1788600815: mosquitto version 2.1.2 terminating
1788600815: Saving in-memory database to /mosquitto/data//mosquitto.db.
1788600875: mosquitto version 2.1.2 starting
1788600875: Config loaded from /mosquitto/config/mosquitto.conf.
1788600875: Bridge support available.
1788600875: Persistence support available.
1788600875: TLS support available.
1788600875: TLS-PSK support available.
1788600875: Websockets support available.
1788600875: password-file: Error: Unable to open pwfile "/mosquitto/config/passwd".
1788600875: mosquitto version 2.1.2 terminating
1788600875: Saving in-memory database to /mosquitto/data//mosquitto.db.
1788600932: mosquitto version 2.1.2 starting
1788600932: Config loaded from /mosquitto/config/mosquitto.conf.
1788600932: Bridge support available.
1788600932: Persistence support available.
1788600932: TLS support available.
1788600932: TLS-PSK support available.
1788600932: Websockets support available.
1788600932: password-file: Error: Unable to open pwfile "/mosquitto/config/passwd".
1788600932: mosquitto version 2.1.2 terminating
1788600932: Saving in-memory database to /mosquitto/data//mosquitto.db.
1788600933: mosquitto version 2.1.2 starting
1788600933: Config loaded from /mosquitto/config/mosquitto.conf.
1788600933: Bridge support available.
1788600933: Persistence support available.
1788600933: TLS support available.
1788600933: TLS-PSK support available.
1788600933: Websockets support available.
1788600933: password-file: Error: Unable to open pwfile "/mosquitto/config/passwd".
1788600933: mosquitto version 2.1.2 terminating
1788600933: Saving in-memory database to /mosquitto/data//mosquitto.db.
1788600934: mosquitto version 2.1.2 starting
1788600934: Config loaded from /mosquitto/config/mosquitto.conf.
1788600934: Bridge support available.
1788600934: Persistence support available.
1788600934: TLS support available.
1788600934: TLS-PSK support available.
1788600934: Websockets support available.
1788600934: password-file: Error: Unable to open pwfile "/mosquitto/config/passwd".
1788600934: mosquitto version 2.1.2 terminating
1788600934: Saving in-memory database to /mosquitto/data//mosquitto.db.
1788600934: mosquitto version 2.1.2 starting
1788600934: Config loaded from /mosquitto/config/mosquitto.conf.
1788600934: Bridge support available.
1788600934: Persistence support available.
1788600934: TLS support available.
1788600934: TLS-PSK support available.
1788600934: Websockets support available.
1788600934: password-file: Error: Unable to open pwfile "/mosquitto/config/passwd".
1788600934: mosquitto version 2.1.2 terminating
1788600934: Saving in-memory database to /mosquitto/data//mosquitto.db.
1788600935: mosquitto version 2.1.2 starting
1788600935: Config loaded from /mosquitto/config/mosquitto.conf.
1788600935: Bridge support available.
1788600935: Persistence support available.
1788600935: TLS support available.
1788600935: TLS-PSK support available.
1788600935: Websockets support available.
1788600935: password-file: Error: Unable to open pwfile "/mosquitto/config/passwd".
1788600935: mosquitto version 2.1.2 terminating
1788600935: Saving in-memory database to /mosquitto/data//mosquitto.db.
1788600937: mosquitto version 2.1.2 starting
1788600937: Config loaded from /mosquitto/config/mosquitto.conf.
1788600937: Bridge support available.
1788600937: Persistence support available.
1788600937: TLS support available.
1788600937: TLS-PSK support available.
1788600937: Websockets support available.
1788600937: password-file: Error: Unable to open pwfile "/mosquitto/config/passwd".
1788600937: mosquitto version 2.1.2 terminating
1788600937: Saving in-memory database to /mosquitto/data//mosquitto.db.
1788600941: mosquitto version 2.1.2 starting
1788600941: Config loaded from /mosquitto/config/mosquitto.conf.
1788600941: Bridge support available.
1788600941: Persistence support available.
1788600941: TLS support available.
1788600941: TLS-PSK support available.
1788600941: Websockets support available.
1788600941: password-file: Error: Unable to open pwfile "/mosquitto/config/passwd".
1788600941: mosquitto version 2.1.2 terminating
1788600941: Saving in-memory database to /mosquitto/data//mosquitto.db.
1788600947: mosquitto version 2.1.2 starting
1788600947: Config loaded from /mosquitto/config/mosquitto.conf.
1788600947: Bridge support available.
1788600947: Persistence support available.
1788600947: TLS support available.
1788600947: TLS-PSK support available.
1788600947: Websockets support available.
1788600947: password-file: Error: Unable to open pwfile "/mosquitto/config/passwd".
1788600947: mosquitto version 2.1.2 terminating
1788600947: Saving in-memory database to /mosquitto/data//mosquitto.db.
1788600960: mosquitto version 2.1.2 starting
1788600960: Config loaded from /mosquitto/config/mosquitto.conf.
1788600960: Bridge support available.
1788600960: Persistence support available.
1788600960: TLS support available.
1788600960: TLS-PSK support available.
1788600960: Websockets support available.
1788600960: password-file: Error: Unable to open pwfile "/mosquitto/config/passwd".
1788600960: mosquitto version 2.1.2 terminating
1788600960: Saving in-memory database to /mosquitto/data//mosquitto.db.
1788600986: mosquitto version 2.1.2 starting
1788600986: Config loaded from /mosquitto/config/mosquitto.conf.
1788600986: Bridge support available.
1788600986: Persistence support available.
1788600986: TLS support available.
1788600986: TLS-PSK support available.
1788600986: Websockets support available.
1788600986: password-file: Error: Unable to open pwfile "/mosquitto/config/passwd".
1788600986: mosquitto version 2.1.2 terminating
1788600986: Saving in-memory database to /mosquitto/data//mosquitto.db.
1788601038: mosquitto version 2.1.2 starting
1788601038: Config loaded from /mosquitto/config/mosquitto.conf.
1788601038: Bridge support available.
1788601038: Persistence support available.
1788601038: TLS support available.
1788601038: TLS-PSK support available.
1788601038: Websockets support available.
1788601038: password-file: Error: Unable to open pwfile "/mosquitto/config/passwd".
1788601038: mosquitto version 2.1.2 terminating
1788601038: Saving in-memory database to /mosquitto/data//mosquitto.db.
1788601098: mosquitto version 2.1.2 starting
1788601098: Config loaded from /mosquitto/config/mosquitto.conf.
1788601098: Bridge support available.
1788601098: Persistence support available.
1788601098: TLS support available.
1788601098: TLS-PSK support available.
1788601098: Websockets support available.
1788601098: password-file: Error: Unable to open pwfile "/mosquitto/config/passwd".
1788601098: mosquitto version 2.1.2 terminating
1788601098: Saving in-memory database to /mosquitto/data//mosquitto.db.
1788601158: mosquitto version 2.1.2 starting
1788601158: Config loaded from /mosquitto/config/mosquitto.conf.
1788601158: Bridge support available.
1788601158: Persistence support available.
1788601158: TLS support available.
1788601158: TLS-PSK support available.
1788601158: Websockets support available.
1788601158: password-file: Error: Unable to open pwfile "/mosquitto/config/passwd".
1788601158: mosquitto version 2.1.2 terminating
1788601158: Saving in-memory database to /mosquitto/data//mosquitto.db.
1788601218: mosquitto version 2.1.2 starting
1788601218: Config loaded from /mosquitto/config/mosquitto.conf.
1788601218: Bridge support available.
1788601218: Persistence support available.
1788601218: TLS support available.
1788601218: TLS-PSK support available.
1788601218: Websockets support available.
1788601218: password-file: Error: Unable to open pwfile "/mosquitto/config/passwd".
1788601218: mosquitto version 2.1.2 terminating
1788601218: Saving in-memory database to /mosquitto/data//mosquitto.db.
1788601279: mosquitto version 2.1.2 starting
1788601279: Config loaded from /mosquitto/config/mosquitto.conf.
1788601279: Bridge support available.
1788601279: Persistence support available.
1788601279: TLS support available.
1788601279: TLS-PSK support available.
1788601279: Websockets support available.
1788601279: password-file: Error: Unable to open pwfile "/mosquitto/config/passwd".
1788601279: mosquitto version 2.1.2 terminating
1788601279: Saving in-memory database to /mosquitto/data//mosquitto.db.
1788601339: mosquitto version 2.1.2 starting
1788601339: Config loaded from /mosquitto/config/mosquitto.conf.
1788601339: Bridge support available.
1788601339: Persistence support available.
1788601339: TLS support available.
1788601339: TLS-PSK support available.
1788601339: Websockets support available.
1788601339: password-file: Error: Unable to open pwfile "/mosquitto/config/passwd".
1788601339: mosquitto version 2.1.2 terminating
1788601339: Saving in-memory database to /mosquitto/data//mosquitto.db.
1788601399: mosquitto version 2.1.2 starting
1788601399: Config loaded from /mosquitto/config/mosquitto.conf.
1788601399: Bridge support available.
1788601399: Persistence support available.
1788601399: TLS support available.
1788601399: TLS-PSK support available.
1788601399: Websockets support available.
1788601399: password-file: Error: Unable to open pwfile "/mosquitto/config/passwd".
1788601399: mosquitto version 2.1.2 terminating
1788601399: Saving in-memory database to /mosquitto/data//mosquitto.db.
1788601460: mosquitto version 2.1.2 starting
1788601460: Config loaded from /mosquitto/config/mosquitto.conf.
1788601460: Bridge support available.
1788601460: Persistence support available.
1788601460: TLS support available.
1788601460: TLS-PSK support available.
1788601460: Websockets support available.
1788601460: password-file: Error: Unable to open pwfile "/mosquitto/config/passwd".
1788601460: mosquitto version 2.1.2 terminating
1788601460: Saving in-memory database to /mosquitto/data//mosquitto.db.
1788601520: mosquitto version 2.1.2 starting
1788601520: Config loaded from /mosquitto/config/mosquitto.conf.
1788601520: Bridge support available.
1788601520: Persistence support available.
1788601520: TLS support available.
1788601520: TLS-PSK support available.
1788601520: Websockets support available.
1788601520: password-file: Error: Unable to open pwfile "/mosquitto/config/passwd".
1788601520: mosquitto version 2.1.2 terminating
1788601520: Saving in-memory database to /mosquitto/data//mosquitto.db.
1788601580: mosquitto version 2.1.2 starting
1788601580: Config loaded from /mosquitto/config/mosquitto.conf.
1788601580: Bridge support available.
1788601580: Persistence support available.
1788601580: TLS support available.
1788601580: TLS-PSK support available.
1788601580: Websockets support available.
1788601580: password-file: Error: Unable to open pwfile "/mosquitto/config/passwd".
1788601580: mosquitto version 2.1.2 terminating
1788601580: Saving in-memory database to /mosquitto/data//mosquitto.db.
1788601640: mosquitto version 2.1.2 starting
1788601640: Config loaded from /mosquitto/config/mosquitto.conf.
1788601640: Bridge support available.
1788601640: Persistence support available.
1788601640: TLS support available.
1788601640: TLS-PSK support available.
1788601640: Websockets support available.
1788601640: password-file: Error: Unable to open pwfile "/mosquitto/config/passwd".
1788601640: mosquitto version 2.1.2 terminating
1788601640: Saving in-memory database to /mosquitto/data//mosquitto.db.
1788601701: mosquitto version 2.1.2 starting
1788601701: Config loaded from /mosquitto/config/mosquitto.conf.
1788601701: Bridge support available.
1788601701: Persistence support available.
1788601701: TLS support available.
1788601701: TLS-PSK support available.
1788601701: Websockets support available.
1788601701: password-file: Error: Unable to open pwfile "/mosquitto/config/passwd".
1788601701: mosquitto version 2.1.2 terminating
1788601701: Saving in-memory database to /mosquitto/data//mosquitto.db.
1788601756: mosquitto version 2.1.2 starting
1788601756: Config loaded from /mosquitto/config/mosquitto.conf.
1788601756: Bridge support available.
1788601756: Persistence support available.
1788601756: TLS support available.
1788601756: TLS-PSK support available.
1788601756: Websockets support available.
1788601756: Warning: File /mosquitto/config/passwd has world readable permissions. Future versions will refuse to load this file.
To fix this, use `chmod 0700 /mosquitto/config/passwd`.

1788601756: Warning: File /mosquitto/config/passwd owner is not mosquitto. Future versions will refuse to load this file.To fix this, use `chown mosquitto /mosquitto/config/passwd`.

1788601756: Warning: File /mosquitto/config/passwd group is not mosquitto. Future versions will refuse to load this file.

1788601756: Plugin builtin-security has registered to receive 'basic-auth' events.
1788601756: Opening ipv4 listen socket on port 1883.
1788601756: Opening ipv6 listen socket on port 1883.
1788601756: mosquitto version 2.1.2 running
1788601965: mosquitto version 2.1.2 terminating
1788601965: Saving in-memory database to /mosquitto/data//mosquitto.db.
1788601966: mosquitto version 2.1.2 starting
1788601966: Config loaded from /mosquitto/config/mosquitto.conf.
1788601966: Bridge support available.
1788601966: Persistence support available.
1788601966: TLS support available.
1788601966: TLS-PSK support available.
1788601966: Websockets support available.
1788601966: Warning: File /mosquitto/config/passwd has world readable permissions. Future versions will refuse to load this file.
To fix this, use `chmod 0700 /mosquitto/config/passwd`.

1788601966: Warning: File /mosquitto/config/passwd owner is not mosquitto. Future versions will refuse to load this file.To fix this, use `chown mosquitto /mosquitto/config/passwd`.

1788601966: Warning: File /mosquitto/config/passwd group is not mosquitto. Future versions will refuse to load this file.

1788601966: Plugin builtin-security has registered to receive 'basic-auth' events.
1788601966: Opening ipv4 listen socket on port 1883.
1788601966: Opening ipv6 listen socket on port 1883.
1788601966: mosquitto version 2.1.2 running
1788602155: New connection from 172.19.0.1:45054 on port 1883.
1788602155: New client connected from 172.19.0.1:45054 as auto-C4912551-6A30-4DE9-8457-AD961C9D22FF (p4, c1, k60, u'pyrowatch_gateway').
1788602167: New connection from 172.19.0.1:42576 on port 1883.
1788602167: New client connected from 172.19.0.1:42576 as auto-8DCE4B48-2D81-36E7-146D-4ABECEF7FFDD (p4, c1, k60, u'pyrowatch_gateway').
1788602167: Client auto-8DCE4B48-2D81-36E7-146D-4ABECEF7FFDD [172.19.0.1:42576] disconnected.
1788602393: New connection from 172.19.0.2:60350 on port 1883.
1788602393: New client connected from 172.19.0.2:60350 as nodered2e56131dcd84138c (p4, c1, k60, u'pyrowatch_gateway').
1788603269: Client nodered2e56131dcd84138c [172.19.0.2:60350] disconnected.
1788603269: New connection from 172.19.0.2:55288 on port 1883.
1788603269: New client connected from 172.19.0.2:55288 as nodered27da5db495533980 (p4, c1, k60, u'pyrowatch_gateway').
1788603363: Client nodered27da5db495533980 [172.19.0.2:55288] disconnected.
1788603363: New connection from 172.19.0.2:37380 on port 1883.
1788603363: New client connected from 172.19.0.2:37380 as nodereda110ef213e4a040a (p4, c1, k60, u'pyrowatch_gateway').
1788603816: Saving in-memory database to /mosquitto/data//mosquitto.db.
1788604187: Client nodereda110ef213e4a040a [172.19.0.2:37380] disconnected.
1788604187: New connection from 172.19.0.2:41088 on port 1883.
1788604187: New client connected from 172.19.0.2:41088 as nodered242cb149ba09c41e (p4, c1, k60, u'pyrowatch_gateway').
1788604195: Client nodered242cb149ba09c41e [172.19.0.2:41088] disconnected.
1788604195: New connection from 172.19.0.2:35080 on port 1883.
1788604195: New client connected from 172.19.0.2:35080 as noderedeb67a310bdad8598 (p4, c1, k60, u'pyrowatch_gateway').
1788604997: Client noderedeb67a310bdad8598 [172.19.0.2:35080] disconnected.
1788604997: New connection from 172.19.0.2:48420 on port 1883.
1788604997: New client connected from 172.19.0.2:48420 as nodereda37c04c3e5572e61 (p4, c1, k60, u'pyrowatch_gateway').
1788605065: Client nodereda37c04c3e5572e61 [172.19.0.2:48420] disconnected.
1788605065: New connection from 172.19.0.2:55678 on port 1883.
1788605065: New client connected from 172.19.0.2:55678 as noderedba69f5f265fee244 (p4, c1, k60, u'pyrowatch_gateway').
1788605096: Client noderedba69f5f265fee244 [172.19.0.2:55678] disconnected.
1788605096: New connection from 172.19.0.2:57566 on port 1883.
1788605096: New client connected from 172.19.0.2:57566 as nodereda0a3dcb4fbfb33cd (p4, c1, k60, u'pyrowatch_gateway').
1788605392: Client nodereda0a3dcb4fbfb33cd [172.19.0.2:57566] disconnected.
1788605392: New connection from 172.19.0.2:33602 on port 1883.
1788605392: New client connected from 172.19.0.2:33602 as nodered3c2e5267fe57caa8 (p4, c1, k60, u'pyrowatch_gateway').
1788605535: Client nodered3c2e5267fe57caa8 [172.19.0.2:33602] disconnected.
1788605535: New connection from 172.19.0.2:48190 on port 1883.
1788605535: New client connected from 172.19.0.2:48190 as nodered4bfc972a7e36c1c8 (p4, c1, k60, u'pyrowatch_gateway').
1788605605: Client nodered4bfc972a7e36c1c8 [172.19.0.2:48190] disconnected.
1788605605: New connection from 172.19.0.2:49014 on port 1883.
1788605605: New client connected from 172.19.0.2:49014 as nodered631064415253e506 (p4, c1, k60, u'pyrowatch_gateway').
1788605630: Client nodered631064415253e506 [172.19.0.2:49014] disconnected.
1788605630: New connection from 172.19.0.2:34110 on port 1883.
1788605630: New client connected from 172.19.0.2:34110 as nodered3e1f8bab9a65103f (p4, c1, k60, u'pyrowatch_gateway').
1788605652: Client nodered3e1f8bab9a65103f [172.19.0.2:34110] disconnected.
1788605652: New connection from 172.19.0.2:33228 on port 1883.
1788605652: New client connected from 172.19.0.2:33228 as noderedeb7b9164f8ceae71 (p4, c1, k60, u'pyrowatch_gateway').
1788605681: Saving in-memory database to /mosquitto/data//mosquitto.db.
1788605901: New connection from 172.19.0.1:33272 on port 1883.
1788605901: New client connected from 172.19.0.1:33272 as auto-09418221-FB82-EB2C-83EB-8F1945BA63A9 (p4, c1, k60, u'pyrowatch_gateway').
1788605901: Client auto-09418221-FB82-EB2C-83EB-8F1945BA63A9 [172.19.0.1:33272] disconnected.
1788606362: New connection from 172.19.0.1:51052 on port 1883.
1788606362: New client connected from 172.19.0.1:51052 as auto-BFD20C1D-5A32-B7F0-0346-3C61F6D2D37D (p4, c1, k60, u'pyrowatch_gateway').
1788606362: Client auto-BFD20C1D-5A32-B7F0-0346-3C61F6D2D37D [172.19.0.1:51052] disconnected.
1788606858: Client noderedeb7b9164f8ceae71 [172.19.0.2:33228] disconnected.
1788606858: New connection from 172.19.0.2:40624 on port 1883.
1788606858: New client connected from 172.19.0.2:40624 as noderedbe7e34c2a51ca9ad (p4, c1, k60, u'pyrowatch_gateway').
1788606876: Client noderedbe7e34c2a51ca9ad [172.19.0.2:40624] disconnected.
1788606876: New connection from 172.19.0.2:54730 on port 1883.
1788606876: New client connected from 172.19.0.2:54730 as nodereddd82e0a3e5861f6c (p4, c1, k60, u'pyrowatch_gateway').
1788606900: New connection from 172.19.0.1:35992 on port 1883.
1788606900: New client connected from 172.19.0.1:35992 as auto-4A52211B-7A6F-BFE4-969A-C2DA4502894C (p4, c1, k60, u'pyrowatch_gateway').
1788606900: Client auto-4A52211B-7A6F-BFE4-969A-C2DA4502894C [172.19.0.1:35992] disconnected.
1788607551: Saving in-memory database to /mosquitto/data//mosquitto.db.
1788607719: Client auto-C4912551-6A30-4DE9-8457-AD961C9D22FF [172.19.0.1:45054] disconnected: connection closed by client.
1789193362: mosquitto version 2.1.2 starting
1789193362: Config loaded from /mosquitto/config/mosquitto.conf.
1789193362: Bridge support available.
1789193362: Persistence support available.
1789193362: TLS support available.
1789193362: TLS-PSK support available.
1789193362: Websockets support available.
1789193362: Warning: File /mosquitto/config/passwd has world readable permissions. Future versions will refuse to load this file.
To fix this, use `chmod 0700 /mosquitto/config/passwd`.

1789193362: Warning: File /mosquitto/config/passwd owner is not mosquitto. Future versions will refuse to load this file.To fix this, use `chown mosquitto /mosquitto/config/passwd`.

1789193362: Warning: File /mosquitto/config/passwd group is not mosquitto. Future versions will refuse to load this file.

1789193362: Plugin builtin-security has registered to receive 'basic-auth' events.
1789193362: Opening ipv4 listen socket on port 1883.
1789193362: Opening ipv6 listen socket on port 1883.
1789193362: mosquitto version 2.1.2 running
1789193485: New connection from 172.19.0.3:53236 on port 1883.
1789193485: New client connected from 172.19.0.3:53236 as noderedda8375c38fc4b2ad (p4, c1, k60, u'pyrowatch_gateway').
1789193801: Client noderedda8375c38fc4b2ad [172.19.0.3:53236] disconnected.
1789193801: New connection from 172.19.0.3:32792 on port 1883.
1789193801: New client connected from 172.19.0.3:32792 as nodereddaa1ead0c7657c8b (p4, c1, k60, u'pyrowatch_gateway').
1789194068: Client nodereddaa1ead0c7657c8b [172.19.0.3:32792] disconnected.
1789194068: New connection from 172.19.0.3:55580 on port 1883.
1789194068: New client connected from 172.19.0.3:55580 as nodered08f511cdbc607ca4 (p4, c1, k60, u'pyrowatch_gateway').
1789194154: Client nodered08f511cdbc607ca4 [172.19.0.3:55580] disconnected.
1789194154: New connection from 172.19.0.3:40478 on port 1883.
1789194154: New client connected from 172.19.0.3:40478 as nodered2d0108441a76569f (p4, c1, k60, u'pyrowatch_gateway').
1789194171: Client nodered2d0108441a76569f [172.19.0.3:40478] disconnected.
1789194171: New connection from 172.19.0.3:56170 on port 1883.
1789194171: New client connected from 172.19.0.3:56170 as nodered802612805f515b7e (p4, c1, k60, u'pyrowatch_gateway').
1789194224: Client nodered802612805f515b7e [172.19.0.3:56170] disconnected.
1789194224: New connection from 172.19.0.3:45234 on port 1883.
1789194224: New client connected from 172.19.0.3:45234 as nodered95263fc4e898fd39 (p4, c1, k60, u'pyrowatch_gateway').
1789194319: Client nodered95263fc4e898fd39 [172.19.0.3:45234] disconnected.
1789194319: New connection from 172.19.0.3:43062 on port 1883.
1789194319: New client connected from 172.19.0.3:43062 as nodered213f1b84d31ca2e8 (p4, c1, k60, u'pyrowatch_gateway').
1789194447: Client nodered213f1b84d31ca2e8 [172.19.0.3:43062] disconnected.
1789194448: mosquitto version 2.1.2 terminating
1789194448: Saving in-memory database to /mosquitto/data//mosquitto.db.
1789194448: Warning: File /mosquitto/data//mosquitto.db.new has world readable permissions. Future versions will refuse to load this file.
To fix this, use `chmod 0700 /mosquitto/data//mosquitto.db.new`.

1789194448: Warning: File /mosquitto/data//mosquitto.db.new owner is not mosquitto. Future versions will refuse to load this file.To fix this, use `chown mosquitto /mosquitto/data//mosquitto.db.new`.

1789194448: Warning: File /mosquitto/data//mosquitto.db.new group is not mosquitto. Future versions will refuse to load this file.

1789194455: mosquitto version 2.1.2 starting
1789194455: Config loaded from /mosquitto/config/mosquitto.conf.
1789194455: Bridge support available.
1789194455: Persistence support available.
1789194455: TLS support available.
1789194455: TLS-PSK support available.
1789194455: Websockets support available.
1789194455: Warning: File /mosquitto/config/passwd has world readable permissions. Future versions will refuse to load this file.
To fix this, use `chmod 0700 /mosquitto/config/passwd`.

1789194455: Warning: File /mosquitto/config/passwd owner is not mosquitto. Future versions will refuse to load this file.To fix this, use `chown mosquitto /mosquitto/config/passwd`.

1789194455: Warning: File /mosquitto/config/passwd group is not mosquitto. Future versions will refuse to load this file.

1789194455: Plugin builtin-security has registered to receive 'basic-auth' events.
1789194455: Opening ipv4 listen socket on port 1883.
1789194455: Opening ipv6 listen socket on port 1883.
1789194455: mosquitto version 2.1.2 running
1789194457: New connection from 172.19.0.3:54404 on port 1883.
1789194457: New client connected from 172.19.0.3:54404 as nodered8567b6511d3fd233 (p4, c1, k60, u'pyrowatch_gateway').
1789194651: Client nodered8567b6511d3fd233 [172.19.0.3:54404] disconnected.
1789194652: mosquitto version 2.1.2 terminating
1789194652: Saving in-memory database to /mosquitto/data//mosquitto.db.
1789194652: Warning: File /mosquitto/data//mosquitto.db.new has world readable permissions. Future versions will refuse to load this file.
To fix this, use `chmod 0700 /mosquitto/data//mosquitto.db.new`.

1789194652: Warning: File /mosquitto/data//mosquitto.db.new owner is not mosquitto. Future versions will refuse to load this file.To fix this, use `chown mosquitto /mosquitto/data//mosquitto.db.new`.

1789194652: Warning: File /mosquitto/data//mosquitto.db.new group is not mosquitto. Future versions will refuse to load this file.

1789194657: mosquitto version 2.1.2 starting
1789194657: Config loaded from /mosquitto/config/mosquitto.conf.
1789194657: Bridge support available.
1789194657: Persistence support available.
1789194657: TLS support available.
1789194657: TLS-PSK support available.
1789194657: Websockets support available.
1789194657: Warning: File /mosquitto/config/passwd has world readable permissions. Future versions will refuse to load this file.
To fix this, use `chmod 0700 /mosquitto/config/passwd`.

1789194657: Warning: File /mosquitto/config/passwd owner is not mosquitto. Future versions will refuse to load this file.To fix this, use `chown mosquitto /mosquitto/config/passwd`.

1789194657: Warning: File /mosquitto/config/passwd group is not mosquitto. Future versions will refuse to load this file.

1789194657: Plugin builtin-security has registered to receive 'basic-auth' events.
1789194657: Opening ipv4 listen socket on port 1883.
1789194657: Opening ipv6 listen socket on port 1883.
1789194657: mosquitto version 2.1.2 running
1789194659: New connection from 172.19.0.3:50592 on port 1883.
1789194659: New client connected from 172.19.0.3:50592 as nodered092f167ff7785d7f (p4, c1, k60, u'pyrowatch_gateway').
1789194734: Client nodered092f167ff7785d7f [172.19.0.3:50592] disconnected.
1789194734: New connection from 172.19.0.3:33674 on port 1883.
1789194734: New client connected from 172.19.0.3:33674 as noderedbcc77164cb879e7e (p4, c1, k60, u'pyrowatch_gateway').
1789194803: Client noderedbcc77164cb879e7e [172.19.0.3:33674] disconnected.
1789194803: New connection from 172.19.0.3:47512 on port 1883.
1789194803: New client connected from 172.19.0.3:47512 as nodereda28df279425b6630 (p4, c1, k60, u'pyrowatch_gateway').
1789194906: Client nodereda28df279425b6630 [172.19.0.3:47512] disconnected.
1789194906: New connection from 172.19.0.3:39362 on port 1883.
1789194906: New client connected from 172.19.0.3:39362 as noderedaef963365c69b2d5 (p4, c1, k60, u'pyrowatch_gateway').
1789194990: Client noderedaef963365c69b2d5 [172.19.0.3:39362] disconnected.
1789194990: New connection from 172.19.0.3:54058 on port 1883.
1789194990: New client connected from 172.19.0.3:54058 as nodered7e4d0ebf3c8ab868 (p4, c1, k60, u'pyrowatch_gateway').
1789196302: Saving in-memory database to /mosquitto/data//mosquitto.db.
1789196302: Warning: File /mosquitto/data//mosquitto.db.new has world readable permissions. Future versions will refuse to load this file.
To fix this, use `chmod 0700 /mosquitto/data//mosquitto.db.new`.

1789196302: Warning: File /mosquitto/data//mosquitto.db.new owner is not mosquitto. Future versions will refuse to load this file.To fix this, use `chown mosquitto /mosquitto/data//mosquitto.db.new`.

1789196302: Warning: File /mosquitto/data//mosquitto.db.new group is not mosquitto. Future versions will refuse to load this file.

1789197937: Saving in-memory database to /mosquitto/data//mosquitto.db.
1789197937: Warning: File /mosquitto/data//mosquitto.db.new has world readable permissions. Future versions will refuse to load this file.
To fix this, use `chmod 0700 /mosquitto/data//mosquitto.db.new`.

1789197937: Warning: File /mosquitto/data//mosquitto.db.new owner is not mosquitto. Future versions will refuse to load this file.To fix this, use `chown mosquitto /mosquitto/data//mosquitto.db.new`.

1789197937: Warning: File /mosquitto/data//mosquitto.db.new group is not mosquitto. Future versions will refuse to load this file.

1789199576: Saving in-memory database to /mosquitto/data//mosquitto.db.
1789199576: Warning: File /mosquitto/data//mosquitto.db.new has world readable permissions. Future versions will refuse to load this file.
To fix this, use `chmod 0700 /mosquitto/data//mosquitto.db.new`.

1789199576: Warning: File /mosquitto/data//mosquitto.db.new owner is not mosquitto. Future versions will refuse to load this file.To fix this, use `chown mosquitto /mosquitto/data//mosquitto.db.new`.

1789199576: Warning: File /mosquitto/data//mosquitto.db.new group is not mosquitto. Future versions will refuse to load this file.

1789201229: Saving in-memory database to /mosquitto/data//mosquitto.db.
1789201229: Warning: File /mosquitto/data//mosquitto.db.new has world readable permissions. Future versions will refuse to load this file.
To fix this, use `chmod 0700 /mosquitto/data//mosquitto.db.new`.

1789201229: Warning: File /mosquitto/data//mosquitto.db.new owner is not mosquitto. Future versions will refuse to load this file.To fix this, use `chown mosquitto /mosquitto/data//mosquitto.db.new`.

1789201229: Warning: File /mosquitto/data//mosquitto.db.new group is not mosquitto. Future versions will refuse to load this file.

1789202866: Saving in-memory database to /mosquitto/data//mosquitto.db.
1789202866: Warning: File /mosquitto/data//mosquitto.db.new has world readable permissions. Future versions will refuse to load this file.
To fix this, use `chmod 0700 /mosquitto/data//mosquitto.db.new`.

1789202866: Warning: File /mosquitto/data//mosquitto.db.new owner is not mosquitto. Future versions will refuse to load this file.To fix this, use `chown mosquitto /mosquitto/data//mosquitto.db.new`.

1789202866: Warning: File /mosquitto/data//mosquitto.db.new group is not mosquitto. Future versions will refuse to load this file.

1789204503: Saving in-memory database to /mosquitto/data//mosquitto.db.
1789204503: Warning: File /mosquitto/data//mosquitto.db.new has world readable permissions. Future versions will refuse to load this file.
To fix this, use `chmod 0700 /mosquitto/data//mosquitto.db.new`.

1789204503: Warning: File /mosquitto/data//mosquitto.db.new owner is not mosquitto. Future versions will refuse to load this file.To fix this, use `chown mosquitto /mosquitto/data//mosquitto.db.new`.

1789204503: Warning: File /mosquitto/data//mosquitto.db.new group is not mosquitto. Future versions will refuse to load this file.

1789206248: Saving in-memory database to /mosquitto/data//mosquitto.db.
1789206248: Warning: File /mosquitto/data//mosquitto.db.new has world readable permissions. Future versions will refuse to load this file.
To fix this, use `chmod 0700 /mosquitto/data//mosquitto.db.new`.

1789206248: Warning: File /mosquitto/data//mosquitto.db.new owner is not mosquitto. Future versions will refuse to load this file.To fix this, use `chown mosquitto /mosquitto/data//mosquitto.db.new`.

1789206248: Warning: File /mosquitto/data//mosquitto.db.new group is not mosquitto. Future versions will refuse to load this file.

1789208047: Saving in-memory database to /mosquitto/data//mosquitto.db.
1789208047: Warning: File /mosquitto/data//mosquitto.db.new has world readable permissions. Future versions will refuse to load this file.
To fix this, use `chmod 0700 /mosquitto/data//mosquitto.db.new`.

1789208047: Warning: File /mosquitto/data//mosquitto.db.new owner is not mosquitto. Future versions will refuse to load this file.To fix this, use `chown mosquitto /mosquitto/data//mosquitto.db.new`.

1789208047: Warning: File /mosquitto/data//mosquitto.db.new group is not mosquitto. Future versions will refuse to load this file.

1789208339: Client nodered7e4d0ebf3c8ab868 [172.19.0.3:54058] disconnected.
1789208339: New connection from 172.19.0.3:38992 on port 1883.
1789208339: New client connected from 172.19.0.3:38992 as nodered32bfc2651152d2ad (p4, c1, k60, u'pyrowatch_gateway').
1789208417: Client nodered32bfc2651152d2ad [172.19.0.3:38992] disconnected.
1789208417: New connection from 172.19.0.3:49048 on port 1883.
1789208417: New client connected from 172.19.0.3:49048 as noderedbe316b1552b897ce (p4, c1, k60, u'pyrowatch_gateway').
1789208654: Client noderedbe316b1552b897ce [172.19.0.3:49048] disconnected.
1789208654: New connection from 172.19.0.3:34446 on port 1883.
1789208654: New client connected from 172.19.0.3:34446 as noderedcbd3a04b58ad9c7d (p4, c1, k60, u'pyrowatch_gateway').
1789208678: Client noderedcbd3a04b58ad9c7d [172.19.0.3:34446] disconnected.
1789208678: New connection from 172.19.0.3:35642 on port 1883.
1789208678: New client connected from 172.19.0.3:35642 as nodered445fdd6ede088466 (p4, c1, k60, u'pyrowatch_gateway').
1789208881: Client nodered445fdd6ede088466 [172.19.0.3:35642] disconnected.
1789208881: New connection from 172.19.0.3:32768 on port 1883.
1789208881: New client connected from 172.19.0.3:32768 as nodered9c4722c8eeba78d3 (p4, c1, k60, u'pyrowatch_gateway').
1789209455: Client nodered9c4722c8eeba78d3 [172.19.0.3:32768] disconnected.
1789209455: New connection from 172.19.0.3:42068 on port 1883.
1789209455: New client connected from 172.19.0.3:42068 as noderedc778edb4263fcde3 (p4, c1, k60, u'pyrowatch_gateway').
1789209695: Client noderedc778edb4263fcde3 [172.19.0.3:42068] disconnected.
1789209695: New connection from 172.19.0.3:38050 on port 1883.
1789209695: New client connected from 172.19.0.3:38050 as nodered38ecd5f8c3452798 (p4, c1, k60, u'pyrowatch_gateway').
1789209720: Client nodered38ecd5f8c3452798 [172.19.0.3:38050] disconnected.
1789209720: New connection from 172.19.0.3:44332 on port 1883.
1789209720: New client connected from 172.19.0.3:44332 as nodered48d0db483eaf4d1b (p4, c1, k60, u'pyrowatch_gateway').
1789209740: Client nodered48d0db483eaf4d1b [172.19.0.3:44332] disconnected.
1789209740: New connection from 172.19.0.3:47202 on port 1883.
1789209740: New client connected from 172.19.0.3:47202 as nodereda0d1b4650b747086 (p4, c1, k60, u'pyrowatch_gateway').
1789209773: Saving in-memory database to /mosquitto/data//mosquitto.db.
1789209773: Warning: File /mosquitto/data//mosquitto.db.new has world readable permissions. Future versions will refuse to load this file.
To fix this, use `chmod 0700 /mosquitto/data//mosquitto.db.new`.

1789209773: Warning: File /mosquitto/data//mosquitto.db.new owner is not mosquitto. Future versions will refuse to load this file.To fix this, use `chown mosquitto /mosquitto/data//mosquitto.db.new`.

1789209773: Warning: File /mosquitto/data//mosquitto.db.new group is not mosquitto. Future versions will refuse to load this file.

1789209870: Client nodereda0d1b4650b747086 [172.19.0.3:47202] disconnected.
1789209870: New connection from 172.19.0.3:51066 on port 1883.
1789209870: New client connected from 172.19.0.3:51066 as nodered285a203d3a0eea31 (p4, c1, k60, u'pyrowatch_gateway').
1789211435: Saving in-memory database to /mosquitto/data//mosquitto.db.
1789211435: Warning: File /mosquitto/data//mosquitto.db.new has world readable permissions. Future versions will refuse to load this file.
To fix this, use `chmod 0700 /mosquitto/data//mosquitto.db.new`.

1789211435: Warning: File /mosquitto/data//mosquitto.db.new owner is not mosquitto. Future versions will refuse to load this file.To fix this, use `chown mosquitto /mosquitto/data//mosquitto.db.new`.

1789211435: Warning: File /mosquitto/data//mosquitto.db.new group is not mosquitto. Future versions will refuse to load this file.

1789213095: Saving in-memory database to /mosquitto/data//mosquitto.db.
1789213095: Warning: File /mosquitto/data//mosquitto.db.new has world readable permissions. Future versions will refuse to load this file.
To fix this, use `chmod 0700 /mosquitto/data//mosquitto.db.new`.

1789213095: Warning: File /mosquitto/data//mosquitto.db.new owner is not mosquitto. Future versions will refuse to load this file.To fix this, use `chown mosquitto /mosquitto/data//mosquitto.db.new`.

1789213095: Warning: File /mosquitto/data//mosquitto.db.new group is not mosquitto. Future versions will refuse to load this file.

1789214749: Saving in-memory database to /mosquitto/data//mosquitto.db.
1789214749: Warning: File /mosquitto/data//mosquitto.db.new has world readable permissions. Future versions will refuse to load this file.
To fix this, use `chmod 0700 /mosquitto/data//mosquitto.db.new`.

1789214749: Warning: File /mosquitto/data//mosquitto.db.new owner is not mosquitto. Future versions will refuse to load this file.To fix this, use `chown mosquitto /mosquitto/data//mosquitto.db.new`.

1789214749: Warning: File /mosquitto/data//mosquitto.db.new group is not mosquitto. Future versions will refuse to load this file.

1789215369: Client nodered285a203d3a0eea31 [172.19.0.3:51066] disconnected.
1789215369: New connection from 172.19.0.3:46704 on port 1883.
1789215369: New client connected from 172.19.0.3:46704 as nodereda822a40333b4656e (p4, c1, k60, u'pyrowatch_gateway').
1789215598: Client nodereda822a40333b4656e [172.19.0.3:46704] disconnected.
1789215598: New connection from 172.19.0.3:57264 on port 1883.
1789215598: New client connected from 172.19.0.3:57264 as nodereda83d1800b858c885 (p4, c1, k60, u'pyrowatch_gateway').
1789215744: Client nodereda83d1800b858c885 [172.19.0.3:57264] disconnected.
1789215744: New connection from 172.19.0.3:35950 on port 1883.
1789215744: New client connected from 172.19.0.3:35950 as noderedae6920e21e018fcc (p4, c1, k60, u'pyrowatch_gateway').
1789216387: Saving in-memory database to /mosquitto/data//mosquitto.db.
1789216387: Warning: File /mosquitto/data//mosquitto.db.new has world readable permissions. Future versions will refuse to load this file.
To fix this, use `chmod 0700 /mosquitto/data//mosquitto.db.new`.

1789216387: Warning: File /mosquitto/data//mosquitto.db.new owner is not mosquitto. Future versions will refuse to load this file.To fix this, use `chown mosquitto /mosquitto/data//mosquitto.db.new`.

1789216387: Warning: File /mosquitto/data//mosquitto.db.new group is not mosquitto. Future versions will refuse to load this file.

1789218024: Saving in-memory database to /mosquitto/data//mosquitto.db.
1789218024: Warning: File /mosquitto/data//mosquitto.db.new has world readable permissions. Future versions will refuse to load this file.
To fix this, use `chmod 0700 /mosquitto/data//mosquitto.db.new`.

1789218024: Warning: File /mosquitto/data//mosquitto.db.new owner is not mosquitto. Future versions will refuse to load this file.To fix this, use `chown mosquitto /mosquitto/data//mosquitto.db.new`.

1789218024: Warning: File /mosquitto/data//mosquitto.db.new group is not mosquitto. Future versions will refuse to load this file.

1789801497: mosquitto version 2.1.2 starting
1789801497: Config loaded from /mosquitto/config/mosquitto.conf.
1789801497: Bridge support available.
1789801497: Persistence support available.
1789801497: TLS support available.
1789801497: TLS-PSK support available.
1789801497: Websockets support available.
1789801497: Warning: File /mosquitto/config/passwd has world readable permissions. Future versions will refuse to load this file.
To fix this, use `chmod 0700 /mosquitto/config/passwd`.

1789801497: Warning: File /mosquitto/config/passwd owner is not mosquitto. Future versions will refuse to load this file.To fix this, use `chown mosquitto /mosquitto/config/passwd`.

1789801497: Warning: File /mosquitto/config/passwd group is not mosquitto. Future versions will refuse to load this file.

1789801497: Plugin builtin-security has registered to receive 'basic-auth' events.
1789801497: Opening ipv4 listen socket on port 1883.
1789801497: Opening ipv6 listen socket on port 1883.
1789801497: mosquitto version 2.1.2 running
1789801522: New connection from 172.19.0.3:56488 on port 1883.
1789801522: New client connected from 172.19.0.3:56488 as nodered4d7c2b354956cdd6 (p4, c1, k60, u'pyrowatch_gateway').
1789803167: Saving in-memory database to /mosquitto/data//mosquitto.db.
1789803167: Warning: File /mosquitto/data//mosquitto.db.new has world readable permissions. Future versions will refuse to load this file.
To fix this, use `chmod 0700 /mosquitto/data//mosquitto.db.new`.

1789803167: Warning: File /mosquitto/data//mosquitto.db.new owner is not mosquitto. Future versions will refuse to load this file.To fix this, use `chown mosquitto /mosquitto/data//mosquitto.db.new`.

1789803167: Warning: File /mosquitto/data//mosquitto.db.new group is not mosquitto. Future versions will refuse to load this file.

1789804829: Saving in-memory database to /mosquitto/data//mosquitto.db.
1789804829: Warning: File /mosquitto/data//mosquitto.db.new has world readable permissions. Future versions will refuse to load this file.
To fix this, use `chmod 0700 /mosquitto/data//mosquitto.db.new`.

1789804829: Warning: File /mosquitto/data//mosquitto.db.new owner is not mosquitto. Future versions will refuse to load this file.To fix this, use `chown mosquitto /mosquitto/data//mosquitto.db.new`.

1789804829: Warning: File /mosquitto/data//mosquitto.db.new group is not mosquitto. Future versions will refuse to load this file.

1789805634: Client nodered4d7c2b354956cdd6 [172.19.0.3:56488] disconnected.
1789805634: New connection from 172.19.0.3:60500 on port 1883.
1789805634: New client connected from 172.19.0.3:60500 as nodereda162407b201d1c6a (p4, c1, k60, u'pyrowatch_gateway').
1789805714: Client nodereda162407b201d1c6a [172.19.0.3:60500] disconnected.
1789805714: New connection from 172.19.0.3:56432 on port 1883.
1789805714: New client connected from 172.19.0.3:56432 as noderedd34177958734d5af (p4, c1, k60, u'pyrowatch_gateway').
1789805751: Client noderedd34177958734d5af [172.19.0.3:56432] disconnected.
1789805751: New connection from 172.19.0.3:46622 on port 1883.
1789805751: New client connected from 172.19.0.3:46622 as nodered8dc905aacddb3b18 (p4, c1, k60, u'pyrowatch_gateway').
1789806036: Client nodered8dc905aacddb3b18 [172.19.0.3:46622] disconnected.
1789806036: New connection from 172.19.0.3:40624 on port 1883.
1789806036: New client connected from 172.19.0.3:40624 as noderede7eaecb3d5927151 (p4, c1, k60, u'pyrowatch_gateway').
1789806491: Saving in-memory database to /mosquitto/data//mosquitto.db.
1789806491: Warning: File /mosquitto/data//mosquitto.db.new has world readable permissions. Future versions will refuse to load this file.
To fix this, use `chmod 0700 /mosquitto/data//mosquitto.db.new`.

1789806491: Warning: File /mosquitto/data//mosquitto.db.new owner is not mosquitto. Future versions will refuse to load this file.To fix this, use `chown mosquitto /mosquitto/data//mosquitto.db.new`.

1789806491: Warning: File /mosquitto/data//mosquitto.db.new group is not mosquitto. Future versions will refuse to load this file.

1789806996: Client noderede7eaecb3d5927151 [172.19.0.3:40624] disconnected.
1789806996: New connection from 172.19.0.3:55312 on port 1883.
1789806996: New client connected from 172.19.0.3:55312 as noderedb27aec7ae5b68e7f (p4, c1, k60, u'pyrowatch_gateway').
1789807641: Client noderedb27aec7ae5b68e7f [172.19.0.3:55312] disconnected.
1789807641: New connection from 172.19.0.3:52552 on port 1883.
1789807641: New client connected from 172.19.0.3:52552 as noderedd1d0183e636681ce (p4, c1, k60, u'pyrowatch_gateway').
1789807758: Client noderedd1d0183e636681ce [172.19.0.3:52552] disconnected.
1789807758: mosquitto version 2.1.2 terminating
1789807758: Saving in-memory database to /mosquitto/data//mosquitto.db.
1789807758: Warning: File /mosquitto/data//mosquitto.db.new has world readable permissions. Future versions will refuse to load this file.
To fix this, use `chmod 0700 /mosquitto/data//mosquitto.db.new`.

1789807758: Warning: File /mosquitto/data//mosquitto.db.new owner is not mosquitto. Future versions will refuse to load this file.To fix this, use `chown mosquitto /mosquitto/data//mosquitto.db.new`.

1789807758: Warning: File /mosquitto/data//mosquitto.db.new group is not mosquitto. Future versions will refuse to load this file.

1789807767: mosquitto version 2.1.2 starting
1789807767: Config loaded from /mosquitto/config/mosquitto.conf.
1789807767: Bridge support available.
1789807767: Persistence support available.
1789807767: TLS support available.
1789807767: TLS-PSK support available.
1789807767: Websockets support available.
1789807767: Warning: File /mosquitto/config/passwd has world readable permissions. Future versions will refuse to load this file.
To fix this, use `chmod 0700 /mosquitto/config/passwd`.

1789807767: Warning: File /mosquitto/config/passwd owner is not mosquitto. Future versions will refuse to load this file.To fix this, use `chown mosquitto /mosquitto/config/passwd`.

1789807767: Warning: File /mosquitto/config/passwd group is not mosquitto. Future versions will refuse to load this file.

1789807767: Plugin builtin-security has registered to receive 'basic-auth' events.
1789807767: Opening ipv4 listen socket on port 1883.
1789807767: Opening ipv6 listen socket on port 1883.
1789807767: mosquitto version 2.1.2 running
1789807795: New connection from 172.19.0.3:45670 on port 1883.
1789807795: New client connected from 172.19.0.3:45670 as noderedeb79612de4520df4 (p4, c1, k60, u'pyrowatch_gateway').
1789808375: Client noderedeb79612de4520df4 [172.19.0.3:45670] disconnected.
1789808376: mosquitto version 2.1.2 terminating
1789808376: Saving in-memory database to /mosquitto/data//mosquitto.db.
1789808376: Warning: File /mosquitto/data//mosquitto.db.new has world readable permissions. Future versions will refuse to load this file.
To fix this, use `chmod 0700 /mosquitto/data//mosquitto.db.new`.

1789808376: Warning: File /mosquitto/data//mosquitto.db.new owner is not mosquitto. Future versions will refuse to load this file.To fix this, use `chown mosquitto /mosquitto/data//mosquitto.db.new`.

1789808376: Warning: File /mosquitto/data//mosquitto.db.new group is not mosquitto. Future versions will refuse to load this file.

1789808416: mosquitto version 2.1.2 starting
1789808416: Config loaded from /mosquitto/config/mosquitto.conf.
1789808416: Bridge support available.
1789808416: Persistence support available.
1789808416: TLS support available.
1789808416: TLS-PSK support available.
1789808416: Websockets support available.
1789808416: Warning: File /mosquitto/config/passwd has world readable permissions. Future versions will refuse to load this file.
To fix this, use `chmod 0700 /mosquitto/config/passwd`.

1789808416: Warning: File /mosquitto/config/passwd owner is not mosquitto. Future versions will refuse to load this file.To fix this, use `chown mosquitto /mosquitto/config/passwd`.

1789808416: Warning: File /mosquitto/config/passwd group is not mosquitto. Future versions will refuse to load this file.

1789808416: Plugin builtin-security has registered to receive 'basic-auth' events.
1789808416: Opening ipv4 listen socket on port 1883.
1789808416: Opening ipv6 listen socket on port 1883.
1789808416: mosquitto version 2.1.2 running
1789808424: New connection from 172.19.0.4:41304 on port 1883.
1789808424: New client connected from 172.19.0.4:41304 as nodered6dc6e675843fbb26 (p4, c1, k60, u'pyrowatch_gateway').
1789808681: Client nodered6dc6e675843fbb26 [172.19.0.4:41304] disconnected.
1789808681: New connection from 172.19.0.4:58046 on port 1883.
1789808681: New client connected from 172.19.0.4:58046 as noderedfefd279dbeeda0ae (p4, c1, k60, u'pyrowatch_gateway').
1789808780: Client noderedfefd279dbeeda0ae [172.19.0.4:58046] disconnected.
1789808780: New connection from 172.19.0.4:49710 on port 1883.
1789808780: New client connected from 172.19.0.4:49710 as noderedf92faf3e2cc7ec87 (p4, c1, k60, u'pyrowatch_gateway').
1789809714: Client noderedf92faf3e2cc7ec87 [172.19.0.4:49710] disconnected.
1789809715: mosquitto version 2.1.2 terminating
1789809715: Saving in-memory database to /mosquitto/data//mosquitto.db.
1789809715: Warning: File /mosquitto/data//mosquitto.db.new has world readable permissions. Future versions will refuse to load this file.
To fix this, use `chmod 0700 /mosquitto/data//mosquitto.db.new`.

1789809715: Warning: File /mosquitto/data//mosquitto.db.new owner is not mosquitto. Future versions will refuse to load this file.To fix this, use `chown mosquitto /mosquitto/data//mosquitto.db.new`.

1789809715: Warning: File /mosquitto/data//mosquitto.db.new group is not mosquitto. Future versions will refuse to load this file.

1789809723: mosquitto version 2.1.2 starting
1789809723: Config loaded from /mosquitto/config/mosquitto.conf.
1789809723: Bridge support available.
1789809723: Persistence support available.
1789809723: TLS support available.
1789809723: TLS-PSK support available.
1789809723: Websockets support available.
1789809723: Warning: File /mosquitto/config/passwd has world readable permissions. Future versions will refuse to load this file.
To fix this, use `chmod 0700 /mosquitto/config/passwd`.

1789809723: Warning: File /mosquitto/config/passwd owner is not mosquitto. Future versions will refuse to load this file.To fix this, use `chown mosquitto /mosquitto/config/passwd`.

1789809723: Warning: File /mosquitto/config/passwd group is not mosquitto. Future versions will refuse to load this file.

1789809723: Plugin builtin-security has registered to receive 'basic-auth' events.
1789809723: Opening ipv4 listen socket on port 1883.
1789809723: Opening ipv6 listen socket on port 1883.
1789809723: mosquitto version 2.1.2 running
1789809734: New connection from 172.19.0.4:34954 on port 1883.
1789809734: New client connected from 172.19.0.4:34954 as noderedbc03ef30919d877a (p4, c1, k60, u'pyrowatch_gateway').
1789809844: Client noderedbc03ef30919d877a [172.19.0.4:34954] disconnected.
1789809844: New connection from 172.19.0.4:44220 on port 1883.
1789809844: New client connected from 172.19.0.4:44220 as nodered13936cf0de5b762f (p4, c1, k60, u'pyrowatch_gateway').
1789809888: Client nodered13936cf0de5b762f [172.19.0.4:44220] disconnected.
1789809888: New connection from 172.19.0.4:34012 on port 1883.
1789809888: New client connected from 172.19.0.4:34012 as noderedd0fe7c96aa657496 (p4, c1, k60, u'pyrowatch_gateway').
1789810017: Client noderedd0fe7c96aa657496 [172.19.0.4:34012] disconnected.
1789810017: New connection from 172.19.0.4:41534 on port 1883.
1789810017: New client connected from 172.19.0.4:41534 as nodered1a0c074a0d696a77 (p4, c1, k60, u'pyrowatch_gateway').
1789810206: Client nodered1a0c074a0d696a77 [172.19.0.4:41534] disconnected.
1789810206: New connection from 172.19.0.4:37486 on port 1883.
1789810206: New client connected from 172.19.0.4:37486 as nodered12dee79162e2077e (p4, c1, k60, u'pyrowatch_gateway').
1789810772: Client nodered12dee79162e2077e [172.19.0.4:37486] disconnected.
1789810772: New connection from 172.19.0.4:52330 on port 1883.
1789810772: New client connected from 172.19.0.4:52330 as nodered516723819305ae9a (p4, c1, k60, u'pyrowatch_gateway').
1789810780: Client nodered516723819305ae9a [172.19.0.4:52330] disconnected.
1789810780: New connection from 172.19.0.4:44444 on port 1883.
1789810780: New client connected from 172.19.0.4:44444 as nodered0f8bd260451d9541 (p4, c1, k60, u'pyrowatch_gateway').
1789810925: Client nodered0f8bd260451d9541 [172.19.0.4:44444] disconnected.
1789810925: New connection from 172.19.0.4:47600 on port 1883.
1789810925: New client connected from 172.19.0.4:47600 as noderedc1983ae346e47203 (p4, c1, k60, u'pyrowatch_gateway').
1789811385: Saving in-memory database to /mosquitto/data//mosquitto.db.
1789811385: Warning: File /mosquitto/data//mosquitto.db.new has world readable permissions. Future versions will refuse to load this file.
To fix this, use `chmod 0700 /mosquitto/data//mosquitto.db.new`.

1789811385: Warning: File /mosquitto/data//mosquitto.db.new owner is not mosquitto. Future versions will refuse to load this file.To fix this, use `chown mosquitto /mosquitto/data//mosquitto.db.new`.

1789811385: Warning: File /mosquitto/data//mosquitto.db.new group is not mosquitto. Future versions will refuse to load this file.

1789812634: Client noderedc1983ae346e47203 [172.19.0.4:47600] disconnected.
1789812634: New connection from 172.19.0.4:59460 on port 1883.
1789812634: New client connected from 172.19.0.4:59460 as nodered1ffcf9291a6a7110 (p4, c1, k60, u'pyrowatch_gateway').
1789812671: Client nodered1ffcf9291a6a7110 [172.19.0.4:59460] disconnected.
1789812671: New connection from 172.19.0.4:60996 on port 1883.
1789812671: New client connected from 172.19.0.4:60996 as nodered908a20b305669c6b (p4, c1, k60, u'pyrowatch_gateway').
1789812836: Client nodered908a20b305669c6b [172.19.0.4:60996] disconnected.
1789812836: New connection from 172.19.0.4:47822 on port 1883.
1789812836: New client connected from 172.19.0.4:47822 as nodered96a33e61f695f1cd (p4, c1, k60, u'pyrowatch_gateway').
1789812846: Client nodered96a33e61f695f1cd [172.19.0.4:47822] disconnected.
1789812846: New connection from 172.19.0.4:34714 on port 1883.
1789812846: New client connected from 172.19.0.4:34714 as nodered683b70d8720a7be7 (p4, c1, k60, u'pyrowatch_gateway').
1789812990: Client nodered683b70d8720a7be7 [172.19.0.4:34714] disconnected.
1789812990: New connection from 172.19.0.4:43230 on port 1883.
1789812990: New client connected from 172.19.0.4:43230 as nodered97d0ebce4c78c987 (p4, c1, k60, u'pyrowatch_gateway').
1789813011: Client nodered97d0ebce4c78c987 [172.19.0.4:43230] disconnected.
1789813011: New connection from 172.19.0.4:47876 on port 1883.
1789813011: New client connected from 172.19.0.4:47876 as nodered4e0041a911af45db (p4, c1, k60, u'pyrowatch_gateway').
1789813025: Client nodered4e0041a911af45db [172.19.0.4:47876] disconnected.
1789813025: New connection from 172.19.0.4:58164 on port 1883.
1789813025: New client connected from 172.19.0.4:58164 as nodered22d5fe28388f4d35 (p4, c1, k60, u'pyrowatch_gateway').
1789813038: Client nodered22d5fe28388f4d35 [172.19.0.4:58164] disconnected.
1789813038: New connection from 172.19.0.4:33536 on port 1883.
1789813038: New client connected from 172.19.0.4:33536 as nodered952b8e2631d6e518 (p4, c1, k60, u'pyrowatch_gateway').
1789813047: Saving in-memory database to /mosquitto/data//mosquitto.db.
1789813047: Warning: File /mosquitto/data//mosquitto.db.new has world readable permissions. Future versions will refuse to load this file.
To fix this, use `chmod 0700 /mosquitto/data//mosquitto.db.new`.

1789813047: Warning: File /mosquitto/data//mosquitto.db.new owner is not mosquitto. Future versions will refuse to load this file.To fix this, use `chown mosquitto /mosquitto/data//mosquitto.db.new`.

1789813047: Warning: File /mosquitto/data//mosquitto.db.new group is not mosquitto. Future versions will refuse to load this file.

1789813064: Client nodered952b8e2631d6e518 [172.19.0.4:33536] disconnected.
1789813064: New connection from 172.19.0.4:39892 on port 1883.
1789813064: New client connected from 172.19.0.4:39892 as nodered6c1d05f3513e01e9 (p4, c1, k60, u'pyrowatch_gateway').
1789813070: Client nodered6c1d05f3513e01e9 [172.19.0.4:39892] disconnected.
1789813070: New connection from 172.19.0.4:39894 on port 1883.
1789813070: New client connected from 172.19.0.4:39894 as nodered4f5ff52b12816160 (p4, c1, k60, u'pyrowatch_gateway').
1789813149: Client nodered4f5ff52b12816160 [172.19.0.4:39894] disconnected.
1789813149: New connection from 172.19.0.4:39412 on port 1883.
1789813149: New client connected from 172.19.0.4:39412 as noderedba17bd3496db8386 (p4, c1, k60, u'pyrowatch_gateway').
1789813180: Client noderedba17bd3496db8386 [172.19.0.4:39412] disconnected.
1789813180: New connection from 172.19.0.4:58104 on port 1883.
1789813180: New client connected from 172.19.0.4:58104 as noderedecd5f14554d1602d (p4, c1, k60, u'pyrowatch_gateway').
1789813188: Client noderedecd5f14554d1602d [172.19.0.4:58104] disconnected.
1789813188: New connection from 172.19.0.4:59634 on port 1883.
1789813188: New client connected from 172.19.0.4:59634 as noderede8c839fa8fec5a5a (p4, c1, k60, u'pyrowatch_gateway').
1789813325: Client noderede8c839fa8fec5a5a [172.19.0.4:59634] disconnected.
1789813325: New connection from 172.19.0.4:46672 on port 1883.
1789813325: New client connected from 172.19.0.4:46672 as nodered2b3dd6ad1015ff85 (p4, c1, k60, u'pyrowatch_gateway').
1789813371: Client nodered2b3dd6ad1015ff85 [172.19.0.4:46672] disconnected.
1789813371: New connection from 172.19.0.4:47832 on port 1883.
1789813371: New client connected from 172.19.0.4:47832 as noderedadecad725e8ea386 (p4, c1, k60, u'pyrowatch_gateway').
1789813394: Client noderedadecad725e8ea386 [172.19.0.4:47832] disconnected.
1789813394: New connection from 172.19.0.4:56672 on port 1883.
1789813394: New client connected from 172.19.0.4:56672 as nodered9908e9f7eb7e1e0b (p4, c1, k60, u'pyrowatch_gateway').
1789813422: Client nodered9908e9f7eb7e1e0b [172.19.0.4:56672] disconnected.
1789813422: New connection from 172.19.0.4:45532 on port 1883.
1789813422: New client connected from 172.19.0.4:45532 as noderede20bf5f3b815be48 (p4, c1, k60, u'pyrowatch_gateway').
1789813679: Client noderede20bf5f3b815be48 [172.19.0.4:45532] disconnected.
1789813679: New connection from 172.19.0.4:52278 on port 1883.
1789813679: New client connected from 172.19.0.4:52278 as nodereda2508fb645eaf402 (p4, c1, k60, u'pyrowatch_gateway').
1789813693: Client nodereda2508fb645eaf402 [172.19.0.4:52278] disconnected.
1789813693: New connection from 172.19.0.4:44780 on port 1883.
1789813693: New client connected from 172.19.0.4:44780 as noderedaa6b9fe768536491 (p4, c1, k60, u'pyrowatch_gateway').
1789813752: Client noderedaa6b9fe768536491 [172.19.0.4:44780] disconnected.
1789813752: New connection from 172.19.0.4:37346 on port 1883.
1789813752: New client connected from 172.19.0.4:37346 as nodered982bc10a2d4e0094 (p4, c1, k60, u'pyrowatch_gateway').
1789813897: Client nodered982bc10a2d4e0094 [172.19.0.4:37346] disconnected.
1789813897: New connection from 172.19.0.4:46478 on port 1883.
1789813897: New client connected from 172.19.0.4:46478 as nodered5a086663104c2c93 (p4, c1, k60, u'pyrowatch_gateway').
1789814115: Client nodered5a086663104c2c93 [172.19.0.4:46478] disconnected.
1789814115: New connection from 172.19.0.4:41198 on port 1883.
1789814115: New client connected from 172.19.0.4:41198 as nodered458f82b9680689bc (p4, c1, k60, u'pyrowatch_gateway').
1789814143: Client nodered458f82b9680689bc [172.19.0.4:41198] disconnected.
1789814143: New connection from 172.19.0.4:36884 on port 1883.
1789814143: New client connected from 172.19.0.4:36884 as nodered03d10343512f85ca (p4, c1, k60, u'pyrowatch_gateway').
1789814189: Client nodered03d10343512f85ca [172.19.0.4:36884] disconnected.
1789814189: New connection from 172.19.0.4:41574 on port 1883.
1789814189: New client connected from 172.19.0.4:41574 as nodered38a7668f1f7e290a (p4, c1, k60, u'pyrowatch_gateway').
1789814239: Client nodered38a7668f1f7e290a [172.19.0.4:41574] disconnected.
1789814239: New connection from 172.19.0.4:36422 on port 1883.
1789814239: New client connected from 172.19.0.4:36422 as nodered46145d54838c4e26 (p4, c1, k60, u'pyrowatch_gateway').
1789814362: Client nodered46145d54838c4e26 [172.19.0.4:36422] disconnected.
1789814362: New connection from 172.19.0.4:40438 on port 1883.
1789814362: New client connected from 172.19.0.4:40438 as nodered661569b262239cb8 (p4, c1, k60, u'pyrowatch_gateway').
1789814378: Client nodered661569b262239cb8 [172.19.0.4:40438] disconnected.
1789814378: New connection from 172.19.0.4:54792 on port 1883.
1789814378: New client connected from 172.19.0.4:54792 as nodered5f5d671219b5c0fb (p4, c1, k60, u'pyrowatch_gateway').
1789814709: Saving in-memory database to /mosquitto/data//mosquitto.db.
1789814709: Warning: File /mosquitto/data//mosquitto.db.new has world readable permissions. Future versions will refuse to load this file.
To fix this, use `chmod 0700 /mosquitto/data//mosquitto.db.new`.

1789814709: Warning: File /mosquitto/data//mosquitto.db.new owner is not mosquitto. Future versions will refuse to load this file.To fix this, use `chown mosquitto /mosquitto/data//mosquitto.db.new`.

1789814709: Warning: File /mosquitto/data//mosquitto.db.new group is not mosquitto. Future versions will refuse to load this file.

1789814857: Client nodered5f5d671219b5c0fb [172.19.0.4:54792] disconnected.
1789814857: New connection from 172.19.0.4:58670 on port 1883.
1789814857: New client connected from 172.19.0.4:58670 as noderedee87890a8886dfac (p4, c1, k60, u'pyrowatch_gateway').
1789814931: Client noderedee87890a8886dfac [172.19.0.4:58670] disconnected.
1789814931: New connection from 172.19.0.4:33734 on port 1883.
1789814931: New client connected from 172.19.0.4:33734 as nodered94420f769f95c5cd (p4, c1, k60, u'pyrowatch_gateway').
1789815013: Client nodered94420f769f95c5cd [172.19.0.4:33734] disconnected.
1789815013: New connection from 172.19.0.4:48906 on port 1883.
1789815013: New client connected from 172.19.0.4:48906 as noderedff81686af4f32789 (p4, c1, k60, u'pyrowatch_gateway').
1789815086: Client noderedff81686af4f32789 [172.19.0.4:48906] disconnected.
1789815086: New connection from 172.19.0.4:48770 on port 1883.
1789815086: New client connected from 172.19.0.4:48770 as nodered09bce14eaa34124c (p4, c1, k60, u'pyrowatch_gateway').
1789815184: Client nodered09bce14eaa34124c [172.19.0.4:48770] disconnected.
1789815184: New connection from 172.19.0.4:44248 on port 1883.
1789815184: New client connected from 172.19.0.4:44248 as nodered43d305c8cfb85053 (p4, c1, k60, u'pyrowatch_gateway').
1789815212: Client nodered43d305c8cfb85053 [172.19.0.4:44248] disconnected.
1789815212: New connection from 172.19.0.4:53764 on port 1883.
1789815212: New client connected from 172.19.0.4:53764 as nodered9408e77e7d9697b4 (p4, c1, k60, u'pyrowatch_gateway').
1789815252: Client nodered9408e77e7d9697b4 [172.19.0.4:53764] disconnected.
1789815252: New connection from 172.19.0.4:53322 on port 1883.
1789815252: New client connected from 172.19.0.4:53322 as noderedbb85c031fb14afa1 (p4, c1, k60, u'pyrowatch_gateway').
1789815648: Client noderedbb85c031fb14afa1 [172.19.0.4:53322] disconnected.
1789815648: New connection from 172.19.0.4:44888 on port 1883.
1789815648: New client connected from 172.19.0.4:44888 as nodered0a57c88b6bef1030 (p4, c1, k60, u'pyrowatch_gateway').
1789816009: Client nodered0a57c88b6bef1030 [172.19.0.4:44888] disconnected.
1789816009: New connection from 172.19.0.4:57026 on port 1883.
1789816009: New client connected from 172.19.0.4:57026 as nodered426603418a468459 (p4, c1, k60, u'pyrowatch_gateway').
1789816371: Saving in-memory database to /mosquitto/data//mosquitto.db.
1789816371: Warning: File /mosquitto/data//mosquitto.db.new has world readable permissions. Future versions will refuse to load this file.
To fix this, use `chmod 0700 /mosquitto/data//mosquitto.db.new`.

1789816371: Warning: File /mosquitto/data//mosquitto.db.new owner is not mosquitto. Future versions will refuse to load this file.To fix this, use `chown mosquitto /mosquitto/data//mosquitto.db.new`.

1789816371: Warning: File /mosquitto/data//mosquitto.db.new group is not mosquitto. Future versions will refuse to load this file.

1789816742: Client nodered426603418a468459 [172.19.0.4:57026] disconnected.
1789816742: New connection from 172.19.0.4:39236 on port 1883.
1789816742: New client connected from 172.19.0.4:39236 as noderedcb77d3bb90f20328 (p4, c1, k60, u'pyrowatch_gateway').
1789816787: Client noderedcb77d3bb90f20328 [172.19.0.4:39236] disconnected.
1789816787: New connection from 172.19.0.4:43488 on port 1883.
1789816787: New client connected from 172.19.0.4:43488 as nodered0486b3f6bcd41b77 (p4, c1, k60, u'pyrowatch_gateway').
1789816912: Client nodered0486b3f6bcd41b77 [172.19.0.4:43488] disconnected.
1789816912: New connection from 172.19.0.4:56762 on port 1883.
1789816912: New client connected from 172.19.0.4:56762 as nodered30cf667cd0c65e48 (p4, c1, k60, u'pyrowatch_gateway').
1789817008: Client nodered30cf667cd0c65e48 [172.19.0.4:56762] disconnected.
1789817008: New connection from 172.19.0.4:41920 on port 1883.
1789817008: New client connected from 172.19.0.4:41920 as nodereda38f67eb48d42c4d (p4, c1, k60, u'pyrowatch_gateway').
1789817060: Client nodereda38f67eb48d42c4d [172.19.0.4:41920] disconnected.
1789817060: New connection from 172.19.0.4:32844 on port 1883.
1789817060: New client connected from 172.19.0.4:32844 as nodered2f4ad4e08a734599 (p4, c1, k60, u'pyrowatch_gateway').
1789817173: Client nodered2f4ad4e08a734599 [172.19.0.4:32844] disconnected.
1789817173: New connection from 172.19.0.4:58648 on port 1883.
1789817173: New client connected from 172.19.0.4:58648 as noderedb4915146394eca46 (p4, c1, k60, u'pyrowatch_gateway').
1789818033: Saving in-memory database to /mosquitto/data//mosquitto.db.
1789818033: Warning: File /mosquitto/data//mosquitto.db.new has world readable permissions. Future versions will refuse to load this file.
To fix this, use `chmod 0700 /mosquitto/data//mosquitto.db.new`.

1789818033: Warning: File /mosquitto/data//mosquitto.db.new owner is not mosquitto. Future versions will refuse to load this file.To fix this, use `chown mosquitto /mosquitto/data//mosquitto.db.new`.

1789818033: Warning: File /mosquitto/data//mosquitto.db.new group is not mosquitto. Future versions will refuse to load this file.

1789819695: Saving in-memory database to /mosquitto/data//mosquitto.db.
1789819695: Warning: File /mosquitto/data//mosquitto.db.new has world readable permissions. Future versions will refuse to load this file.
To fix this, use `chmod 0700 /mosquitto/data//mosquitto.db.new`.

1789819695: Warning: File /mosquitto/data//mosquitto.db.new owner is not mosquitto. Future versions will refuse to load this file.To fix this, use `chown mosquitto /mosquitto/data//mosquitto.db.new`.

1789819695: Warning: File /mosquitto/data//mosquitto.db.new group is not mosquitto. Future versions will refuse to load this file.

1789821356: Saving in-memory database to /mosquitto/data//mosquitto.db.
1789821356: Warning: File /mosquitto/data//mosquitto.db.new has world readable permissions. Future versions will refuse to load this file.
To fix this, use `chmod 0700 /mosquitto/data//mosquitto.db.new`.

1789821356: Warning: File /mosquitto/data//mosquitto.db.new owner is not mosquitto. Future versions will refuse to load this file.To fix this, use `chown mosquitto /mosquitto/data//mosquitto.db.new`.

1789821356: Warning: File /mosquitto/data//mosquitto.db.new group is not mosquitto. Future versions will refuse to load this file.

1790399897: mosquitto version 2.1.2 starting
1790399897: Config loaded from /mosquitto/config/mosquitto.conf.
1790399897: Bridge support available.
1790399897: Persistence support available.
1790399897: TLS support available.
1790399897: TLS-PSK support available.
1790399897: Websockets support available.
1790399897: Warning: File /mosquitto/config/passwd has world readable permissions. Future versions will refuse to load this file.
To fix this, use `chmod 0700 /mosquitto/config/passwd`.

1790399897: Warning: File /mosquitto/config/passwd owner is not mosquitto. Future versions will refuse to load this file.To fix this, use `chown mosquitto /mosquitto/config/passwd`.

1790399897: Warning: File /mosquitto/config/passwd group is not mosquitto. Future versions will refuse to load this file.

1790399897: Plugin builtin-security has registered to receive 'basic-auth' events.
1790399897: Opening ipv4 listen socket on port 1883.
1790399897: Opening ipv6 listen socket on port 1883.
1790399897: mosquitto version 2.1.2 running
1790399911: New connection from 172.19.0.4:41344 on port 1883.
1790399911: New client connected from 172.19.0.4:41344 as nodered9d2a3a1a307ec09a (p4, c1, k60, u'pyrowatch_gateway').
1790401357: Client nodered9d2a3a1a307ec09a [172.19.0.4:41344] disconnected.
1790401357: New connection from 172.19.0.4:52132 on port 1883.
1790401357: New client connected from 172.19.0.4:52132 as nodered5f6ca65250508cea (p4, c1, k60, u'pyrowatch_gateway').
1790401665: Client nodered5f6ca65250508cea [172.19.0.4:52132] disconnected.
1790401665: New connection from 172.19.0.4:48074 on port 1883.
1790401665: New client connected from 172.19.0.4:48074 as nodered829ebe1e36de1ba9 (p4, c1, k60, u'pyrowatch_gateway').
1790401693: Saving in-memory database to /mosquitto/data//mosquitto.db.
1790401693: Warning: File /mosquitto/data//mosquitto.db.new has world readable permissions. Future versions will refuse to load this file.
To fix this, use `chmod 0700 /mosquitto/data//mosquitto.db.new`.

1790401693: Warning: File /mosquitto/data//mosquitto.db.new owner is not mosquitto. Future versions will refuse to load this file.To fix this, use `chown mosquitto /mosquitto/data//mosquitto.db.new`.

1790401693: Warning: File /mosquitto/data//mosquitto.db.new group is not mosquitto. Future versions will refuse to load this file.

1790401841: Client nodered829ebe1e36de1ba9 [172.19.0.4:48074] disconnected.
1790401841: New connection from 172.19.0.4:46690 on port 1883.
1790401841: New client connected from 172.19.0.4:46690 as noderedc87f6472b4176181 (p4, c1, k60, u'pyrowatch_gateway').
1790402124: Client noderedc87f6472b4176181 [172.19.0.4:46690] disconnected.
1790402124: New connection from 172.19.0.4:46098 on port 1883.
1790402124: New client connected from 172.19.0.4:46098 as noderedc13538838447122d (p4, c1, k60, u'pyrowatch_gateway').
1790402393: Client noderedc13538838447122d [172.19.0.4:46098] disconnected.
1790402393: New connection from 172.19.0.4:42568 on port 1883.
1790402393: New client connected from 172.19.0.4:42568 as nodered1d5363a18afd0f67 (p4, c1, k60, u'pyrowatch_gateway').
1790403490: Saving in-memory database to /mosquitto/data//mosquitto.db.
1790403490: Warning: File /mosquitto/data//mosquitto.db.new has world readable permissions. Future versions will refuse to load this file.
To fix this, use `chmod 0700 /mosquitto/data//mosquitto.db.new`.

1790403490: Warning: File /mosquitto/data//mosquitto.db.new owner is not mosquitto. Future versions will refuse to load this file.To fix this, use `chown mosquitto /mosquitto/data//mosquitto.db.new`.

1790403490: Warning: File /mosquitto/data//mosquitto.db.new group is not mosquitto. Future versions will refuse to load this file.

1790405286: Saving in-memory database to /mosquitto/data//mosquitto.db.
1790405286: Warning: File /mosquitto/data//mosquitto.db.new has world readable permissions. Future versions will refuse to load this file.
To fix this, use `chmod 0700 /mosquitto/data//mosquitto.db.new`.

1790405286: Warning: File /mosquitto/data//mosquitto.db.new owner is not mosquitto. Future versions will refuse to load this file.To fix this, use `chown mosquitto /mosquitto/data//mosquitto.db.new`.

1790405286: Warning: File /mosquitto/data//mosquitto.db.new group is not mosquitto. Future versions will refuse to load this file.

1790406940: Client nodered1d5363a18afd0f67 [172.19.0.4:42568] disconnected.
1790406940: New connection from 172.19.0.4:43374 on port 1883.
1790406940: New client connected from 172.19.0.4:43374 as nodered0a09cae7eb920b14 (p4, c1, k60, u'pyrowatch_gateway').
1790407083: Saving in-memory database to /mosquitto/data//mosquitto.db.
1790407083: Warning: File /mosquitto/data//mosquitto.db.new has world readable permissions. Future versions will refuse to load this file.
To fix this, use `chmod 0700 /mosquitto/data//mosquitto.db.new`.

1790407083: Warning: File /mosquitto/data//mosquitto.db.new owner is not mosquitto. Future versions will refuse to load this file.To fix this, use `chown mosquitto /mosquitto/data//mosquitto.db.new`.

1790407083: Warning: File /mosquitto/data//mosquitto.db.new group is not mosquitto. Future versions will refuse to load this file.

1790407288: Client nodered0a09cae7eb920b14 [172.19.0.4:43374] disconnected.
1790407288: New connection from 172.19.0.4:55226 on port 1883.
1790407288: New client connected from 172.19.0.4:55226 as nodered7210d3d395608858 (p4, c1, k60, u'pyrowatch_gateway').
1790407361: Client nodered7210d3d395608858 [172.19.0.4:55226] disconnected.
1790407361: New connection from 172.19.0.4:36698 on port 1883.
1790407361: New client connected from 172.19.0.4:36698 as nodered8fa78c8de4af56d2 (p4, c1, k60, u'pyrowatch_gateway').
1790407369: Client nodered8fa78c8de4af56d2 [172.19.0.4:36698] disconnected.
1790407369: New connection from 172.19.0.4:36140 on port 1883.
1790407369: New client connected from 172.19.0.4:36140 as nodered2853ac9fb5c56957 (p4, c1, k60, u'pyrowatch_gateway').
1790407441: Client nodered2853ac9fb5c56957 [172.19.0.4:36140] disconnected.
1790407441: New connection from 172.19.0.4:53332 on port 1883.
1790407441: New client connected from 172.19.0.4:53332 as nodered889be384ac52c8ac (p4, c1, k60, u'pyrowatch_gateway').
1790407829: Client nodered889be384ac52c8ac [172.19.0.4:53332] disconnected.
1790407829: New connection from 172.19.0.4:43156 on port 1883.
1790407829: New client connected from 172.19.0.4:43156 as nodered3d64a276d2d1d644 (p4, c1, k60, u'pyrowatch_gateway').
1790407861: Client nodered3d64a276d2d1d644 [172.19.0.4:43156] disconnected.
1790407861: New connection from 172.19.0.4:48096 on port 1883.
1790407861: New client connected from 172.19.0.4:48096 as nodered493a4b4b814f6d95 (p4, c1, k60, u'pyrowatch_gateway').
1790407868: Client nodered493a4b4b814f6d95 [172.19.0.4:48096] disconnected.
1790407868: New connection from 172.19.0.4:56632 on port 1883.
1790407868: New client connected from 172.19.0.4:56632 as nodered09aaa7d230103a90 (p4, c1, k60, u'pyrowatch_gateway').
1790407997: Client nodered09aaa7d230103a90 [172.19.0.4:56632] disconnected.
1790407998: mosquitto version 2.1.2 terminating
1790407998: Saving in-memory database to /mosquitto/data//mosquitto.db.
1790407998: Warning: File /mosquitto/data//mosquitto.db.new has world readable permissions. Future versions will refuse to load this file.
To fix this, use `chmod 0700 /mosquitto/data//mosquitto.db.new`.

1790407998: Warning: File /mosquitto/data//mosquitto.db.new owner is not mosquitto. Future versions will refuse to load this file.To fix this, use `chown mosquitto /mosquitto/data//mosquitto.db.new`.

1790407998: Warning: File /mosquitto/data//mosquitto.db.new group is not mosquitto. Future versions will refuse to load this file.

1790408005: mosquitto version 2.1.2 starting
1790408005: Config loaded from /mosquitto/config/mosquitto.conf.
1790408005: Bridge support available.
1790408005: Persistence support available.
1790408005: TLS support available.
1790408005: TLS-PSK support available.
1790408005: Websockets support available.
1790408005: Warning: File /mosquitto/config/passwd has world readable permissions. Future versions will refuse to load this file.
To fix this, use `chmod 0700 /mosquitto/config/passwd`.

1790408005: Warning: File /mosquitto/config/passwd owner is not mosquitto. Future versions will refuse to load this file.To fix this, use `chown mosquitto /mosquitto/config/passwd`.

1790408005: Warning: File /mosquitto/config/passwd group is not mosquitto. Future versions will refuse to load this file.

1790408005: Plugin builtin-security has registered to receive 'basic-auth' events.
1790408005: Opening ipv4 listen socket on port 1883.
1790408005: Opening ipv6 listen socket on port 1883.
1790408005: mosquitto version 2.1.2 running
1790408031: New connection from 172.19.0.4:32970 on port 1883.
1790408031: New client connected from 172.19.0.4:32970 as noderedad3966beac80fd08 (p4, c1, k60, u'pyrowatch_gateway').
1790408292: Client noderedad3966beac80fd08 [172.19.0.4:32970] disconnected.
1790408292: New connection from 172.19.0.4:48690 on port 1883.
1790408292: New client connected from 172.19.0.4:48690 as nodered84d188f3663cc063 (p4, c1, k60, u'pyrowatch_gateway').
1790408434: Client nodered84d188f3663cc063 [172.19.0.4:48690] disconnected.
1790408434: New connection from 172.19.0.4:59956 on port 1883.
1790408434: New client connected from 172.19.0.4:59956 as nodered6897dc1fd0f0fb8a (p4, c1, k60, u'pyrowatch_gateway').
1790408655: Client nodered6897dc1fd0f0fb8a [172.19.0.4:59956] disconnected.
1790408655: New connection from 172.19.0.4:33818 on port 1883.
1790408655: New client connected from 172.19.0.4:33818 as noderede6e6c26d0a3e4149 (p4, c1, k60, u'pyrowatch_gateway').
1790408893: Client noderede6e6c26d0a3e4149 [172.19.0.4:33818] disconnected.
1790408893: New connection from 172.19.0.4:45962 on port 1883.
1790408893: New client connected from 172.19.0.4:45962 as noderedf95a8689da79caf9 (p4, c1, k60, u'pyrowatch_gateway').
1790409002: Client noderedf95a8689da79caf9 [172.19.0.4:45962] disconnected.
1790409002: New connection from 172.19.0.4:56676 on port 1883.
1790409002: New client connected from 172.19.0.4:56676 as nodered26299998dfb60386 (p4, c1, k60, u'pyrowatch_gateway').
1790409804: Saving in-memory database to /mosquitto/data//mosquitto.db.
1790409804: Warning: File /mosquitto/data//mosquitto.db.new has world readable permissions. Future versions will refuse to load this file.
To fix this, use `chmod 0700 /mosquitto/data//mosquitto.db.new`.

1790409804: Warning: File /mosquitto/data//mosquitto.db.new owner is not mosquitto. Future versions will refuse to load this file.To fix this, use `chown mosquitto /mosquitto/data//mosquitto.db.new`.

1790409804: Warning: File /mosquitto/data//mosquitto.db.new group is not mosquitto. Future versions will refuse to load this file.

1790411603: Saving in-memory database to /mosquitto/data//mosquitto.db.
1790411603: Warning: File /mosquitto/data//mosquitto.db.new has world readable permissions. Future versions will refuse to load this file.
To fix this, use `chmod 0700 /mosquitto/data//mosquitto.db.new`.

1790411603: Warning: File /mosquitto/data//mosquitto.db.new owner is not mosquitto. Future versions will refuse to load this file.To fix this, use `chown mosquitto /mosquitto/data//mosquitto.db.new`.

1790411603: Warning: File /mosquitto/data//mosquitto.db.new group is not mosquitto. Future versions will refuse to load this file.

